
C:\Users\twitter\Desktop\ITI_Tasks\ITI_EmbeddedDiploma_Tasks\EmbeddedDriversCodingAssignment\release\firmware.elf:     file format elf32-avr

Sections:
Idx Name          Size      VMA       LMA       File off  Algn
  0 .text         00002b76  00000000  00000000  00000094  2**1
                  CONTENTS, ALLOC, LOAD, READONLY, CODE
  1 .data         00000020  00800060  00002b76  00002c0a  2**0
                  CONTENTS, ALLOC, LOAD, DATA
  2 .bss          0000049d  00800080  00800080  00002c2a  2**0
                  ALLOC
  3 .comment      0000002f  00000000  00000000  00002c2a  2**0
                  CONTENTS, READONLY
  4 .note.gnu.avr.deviceinfo 0000003c  00000000  00000000  00002c5c  2**2
                  CONTENTS, READONLY, OCTETS
  5 .debug_info   000004e6  00000000  00000000  00002c98  2**0
                  CONTENTS, READONLY, DEBUGGING, OCTETS
  6 .debug_abbrev 000004a3  00000000  00000000  0000317e  2**0
                  CONTENTS, READONLY, DEBUGGING, OCTETS
  7 .debug_line   0000001d  00000000  00000000  00003621  2**0
                  CONTENTS, READONLY, DEBUGGING, OCTETS
  8 .debug_str    00000196  00000000  00000000  0000363e  2**0
                  CONTENTS, READONLY, DEBUGGING, OCTETS

Disassembly of section .text:

00000000 <__vectors>:
       0:	0c 94 2a 00 	jmp	0x54	; 0x54 <__ctors_end>
       4:	0c 94 c1 10 	jmp	0x2182	; 0x2182 <__vector_1>
       8:	0c 94 ea 10 	jmp	0x21d4	; 0x21d4 <__vector_2>
       c:	0c 94 13 11 	jmp	0x2226	; 0x2226 <__vector_3>
      10:	0c 94 47 00 	jmp	0x8e	; 0x8e <__bad_interrupt>
      14:	0c 94 47 00 	jmp	0x8e	; 0x8e <__bad_interrupt>
      18:	0c 94 47 00 	jmp	0x8e	; 0x8e <__bad_interrupt>
      1c:	0c 94 71 04 	jmp	0x8e2	; 0x8e2 <__vector_7>
      20:	0c 94 47 00 	jmp	0x8e	; 0x8e <__bad_interrupt>
      24:	0c 94 d8 12 	jmp	0x25b0	; 0x25b0 <__vector_9>
      28:	0c 94 f7 11 	jmp	0x23ee	; 0x23ee <__vector_10>
      2c:	0c 94 33 12 	jmp	0x2466	; 0x2466 <__vector_11>
      30:	0c 94 47 00 	jmp	0x8e	; 0x8e <__bad_interrupt>
      34:	0c 94 47 00 	jmp	0x8e	; 0x8e <__bad_interrupt>
      38:	0c 94 47 00 	jmp	0x8e	; 0x8e <__bad_interrupt>
      3c:	0c 94 47 00 	jmp	0x8e	; 0x8e <__bad_interrupt>
      40:	0c 94 47 00 	jmp	0x8e	; 0x8e <__bad_interrupt>
      44:	0c 94 47 00 	jmp	0x8e	; 0x8e <__bad_interrupt>
      48:	0c 94 47 00 	jmp	0x8e	; 0x8e <__bad_interrupt>
      4c:	0c 94 47 00 	jmp	0x8e	; 0x8e <__bad_interrupt>
      50:	0c 94 47 00 	jmp	0x8e	; 0x8e <__bad_interrupt>

00000054 <__ctors_end>:
      54:	11 24       	eor	r1, r1
      56:	1f be       	out	0x3f, r1	; 63
      58:	cf e5       	ldi	r28, 0x5F	; 95
      5a:	d8 e0       	ldi	r29, 0x08	; 8
      5c:	de bf       	out	0x3e, r29	; 62
      5e:	cd bf       	out	0x3d, r28	; 61

00000060 <__do_copy_data>:
      60:	10 e0       	ldi	r17, 0x00	; 0

00000062 <.Loc.1>:
      62:	a0 e6       	ldi	r26, 0x60	; 96

00000064 <.Loc.2>:
      64:	b0 e0       	ldi	r27, 0x00	; 0

00000066 <.Loc.3>:
      66:	e6 e7       	ldi	r30, 0x76	; 118

00000068 <.Loc.4>:
      68:	fb e2       	ldi	r31, 0x2B	; 43

0000006a <.Loc.5>:
      6a:	02 c0       	rjmp	.+4      	; 0x70 <.L__do_copy_data_start>

0000006c <.L__do_copy_data_loop>:
      6c:	05 90       	lpm	r0, Z+

0000006e <.Loc.7>:
      6e:	0d 92       	st	X+, r0

00000070 <.L__do_copy_data_start>:
      70:	a0 38       	cpi	r26, 0x80	; 128

00000072 <.Loc.9>:
      72:	b1 07       	cpc	r27, r17

00000074 <.Loc.10>:
      74:	d9 f7       	brne	.-10     	; 0x6c <.L__do_copy_data_loop>

00000076 <__do_clear_bss>:
      76:	25 e0       	ldi	r18, 0x05	; 5

00000078 <.Loc.1>:
      78:	a0 e8       	ldi	r26, 0x80	; 128

0000007a <.Loc.2>:
      7a:	b0 e0       	ldi	r27, 0x00	; 0

0000007c <.Loc.3>:
      7c:	01 c0       	rjmp	.+2      	; 0x80 <.Loc.5>

0000007e <.Loc.4>:
      7e:	1d 92       	st	X+, r1

00000080 <.Loc.5>:
      80:	ad 31       	cpi	r26, 0x1D	; 29

00000082 <.Loc.6>:
      82:	b2 07       	cpc	r27, r18

00000084 <.Loc.7>:
      84:	e1 f7       	brne	.-8      	; 0x7e <.Loc.4>

00000086 <L0^A>:
      86:	0e 94 24 14 	call	0x2848	; 0x2848 <main>
      8a:	0c 94 b9 15 	jmp	0x2b72	; 0x2b72 <_exit>

0000008e <__bad_interrupt>:
      8e:	0c 94 00 00 	jmp	0	; 0x0 <__vectors>

00000092 <xCoRoutineCreate>:
      92:	ef 92       	push	r14
      94:	ff 92       	push	r15
      96:	1f 93       	push	r17
      98:	cf 93       	push	r28
      9a:	df 93       	push	r29
      9c:	00 d0       	rcall	.+0      	; 0x9e <L0^A>

0000009e <L0^A>:
      9e:	00 d0       	rcall	.+0      	; 0xa0 <L0^A>

000000a0 <L0^A>:
      a0:	cd b7       	in	r28, 0x3d	; 61
      a2:	de b7       	in	r29, 0x3e	; 62
      a4:	89 83       	std	Y+1, r24	; 0x01
      a6:	9a 83       	std	Y+2, r25	; 0x02
      a8:	16 2f       	mov	r17, r22
      aa:	f4 2e       	mov	r15, r20
      ac:	8a e1       	ldi	r24, 0x1A	; 26
      ae:	90 e0       	ldi	r25, 0x00	; 0
      b0:	0e 94 6a 02 	call	0x4d4	; 0x4d4 <pvPortMalloc>
      b4:	8b 83       	std	Y+3, r24	; 0x03
      b6:	9c 83       	std	Y+4, r25	; 0x04
      b8:	89 2b       	or	r24, r25
      ba:	09 f4       	brne	.+2      	; 0xbe <.Lname33+0x1>

000000bc <L0^A>:
      bc:	4d c0       	rjmp	.+154    	; 0x158 <.L6>
      be:	80 91 80 00 	lds	r24, 0x0080	; 0x800080 <pxCurrentCoRoutine>
      c2:	90 91 81 00 	lds	r25, 0x0081	; 0x800081 <pxCurrentCoRoutine+0x1>
      c6:	89 2b       	or	r24, r25
      c8:	09 f4       	brne	.+2      	; 0xcc <.L3>

000000ca <L0^A>:
      ca:	48 c0       	rjmp	.+144    	; 0x15c <.L11>

000000cc <.L3>:
      cc:	11 11       	cpse	r17, r1
      ce:	42 c0       	rjmp	.+132    	; 0x154 <.L12>

000000d0 <.L4>:
      d0:	eb 81       	ldd	r30, Y+3	; 0x03
      d2:	fc 81       	ldd	r31, Y+4	; 0x04
      d4:	10 8e       	std	Z+24, r1	; 0x18
      d6:	11 8e       	std	Z+25, r1	; 0x19
      d8:	16 8b       	std	Z+22, r17	; 0x16
      da:	f7 8a       	std	Z+23, r15	; 0x17
      dc:	89 81       	ldd	r24, Y+1	; 0x01
      de:	9a 81       	ldd	r25, Y+2	; 0x02
      e0:	81 93       	st	Z+, r24
      e2:	91 93       	st	Z+, r25
      e4:	7f 01       	movw	r14, r30
      e6:	cf 01       	movw	r24, r30
      e8:	0e 94 b6 02 	call	0x56c	; 0x56c <vListInitialiseItem>
      ec:	8b 81       	ldd	r24, Y+3	; 0x03
      ee:	9c 81       	ldd	r25, Y+4	; 0x04
      f0:	0c 96       	adiw	r24, 0x0c	; 12
      f2:	0e 94 b6 02 	call	0x56c	; 0x56c <vListInitialiseItem>
      f6:	8b 81       	ldd	r24, Y+3	; 0x03
      f8:	9c 81       	ldd	r25, Y+4	; 0x04
      fa:	fc 01       	movw	r30, r24
      fc:	80 87       	std	Z+8, r24	; 0x08
      fe:	91 87       	std	Z+9, r25	; 0x09
     100:	82 8b       	std	Z+18, r24	; 0x12
     102:	93 8b       	std	Z+19, r25	; 0x13
     104:	85 e0       	ldi	r24, 0x05	; 5
     106:	90 e0       	ldi	r25, 0x00	; 0
     108:	81 1b       	sub	r24, r17
     10a:	91 09       	sbc	r25, r1
     10c:	84 87       	std	Z+12, r24	; 0x0c
     10e:	95 87       	std	Z+13, r25	; 0x0d
     110:	26 89       	ldd	r18, Z+22	; 0x16
     112:	80 91 88 00 	lds	r24, 0x0088	; 0x800088 <uxTopCoRoutineReadyPriority>
     116:	82 17       	cp	r24, r18
     118:	d0 f0       	brcs	.+52     	; 0x14e <.L13>

0000011a <.L5>:
     11a:	30 e0       	ldi	r19, 0x00	; 0
     11c:	c9 01       	movw	r24, r18
     11e:	88 0f       	add	r24, r24
     120:	99 1f       	adc	r25, r25
     122:	88 0f       	add	r24, r24
     124:	99 1f       	adc	r25, r25
     126:	88 0f       	add	r24, r24
     128:	99 1f       	adc	r25, r25
     12a:	82 0f       	add	r24, r18
     12c:	93 1f       	adc	r25, r19
     12e:	b7 01       	movw	r22, r14
     130:	88 55       	subi	r24, 0x58	; 88
     132:	9f 4f       	sbci	r25, 0xFF	; 255
     134:	0e 94 ba 02 	call	0x574	; 0x574 <vListInsertEnd>
     138:	81 e0       	ldi	r24, 0x01	; 1

0000013a <.L1>:
     13a:	0f 90       	pop	r0
     13c:	0f 90       	pop	r0
     13e:	0f 90       	pop	r0
     140:	0f 90       	pop	r0
     142:	df 91       	pop	r29
     144:	cf 91       	pop	r28
     146:	1f 91       	pop	r17
     148:	ff 90       	pop	r15
     14a:	ef 90       	pop	r14
     14c:	08 95       	ret

0000014e <.L13>:
     14e:	20 93 88 00 	sts	0x0088, r18	; 0x800088 <uxTopCoRoutineReadyPriority>
     152:	e3 cf       	rjmp	.-58     	; 0x11a <.L5>

00000154 <.L12>:
     154:	11 e0       	ldi	r17, 0x01	; 1
     156:	bc cf       	rjmp	.-136    	; 0xd0 <.L4>

00000158 <.L6>:
     158:	8f ef       	ldi	r24, 0xFF	; 255
     15a:	ef cf       	rjmp	.-34     	; 0x13a <.L1>

0000015c <.L11>:
     15c:	8b 81       	ldd	r24, Y+3	; 0x03
     15e:	9c 81       	ldd	r25, Y+4	; 0x04
     160:	80 93 80 00 	sts	0x0080, r24	; 0x800080 <pxCurrentCoRoutine>
     164:	90 93 81 00 	sts	0x0081, r25	; 0x800081 <pxCurrentCoRoutine+0x1>
     168:	88 ea       	ldi	r24, 0xA8	; 168
     16a:	90 e0       	ldi	r25, 0x00	; 0
     16c:	0e 94 a8 02 	call	0x550	; 0x550 <vListInitialise>
     170:	81 eb       	ldi	r24, 0xB1	; 177
     172:	90 e0       	ldi	r25, 0x00	; 0
     174:	0e 94 a8 02 	call	0x550	; 0x550 <vListInitialise>
     178:	8f e9       	ldi	r24, 0x9F	; 159
     17a:	90 e0       	ldi	r25, 0x00	; 0
     17c:	0e 94 a8 02 	call	0x550	; 0x550 <vListInitialise>
     180:	86 e9       	ldi	r24, 0x96	; 150
     182:	90 e0       	ldi	r25, 0x00	; 0
     184:	0e 94 a8 02 	call	0x550	; 0x550 <vListInitialise>
     188:	89 e8       	ldi	r24, 0x89	; 137
     18a:	90 e0       	ldi	r25, 0x00	; 0
     18c:	0e 94 a8 02 	call	0x550	; 0x550 <vListInitialise>
     190:	8f e9       	ldi	r24, 0x9F	; 159
     192:	90 e0       	ldi	r25, 0x00	; 0
     194:	80 93 94 00 	sts	0x0094, r24	; 0x800094 <pxDelayedCoRoutineList>
     198:	90 93 95 00 	sts	0x0095, r25	; 0x800095 <pxDelayedCoRoutineList+0x1>
     19c:	86 e9       	ldi	r24, 0x96	; 150
     19e:	90 e0       	ldi	r25, 0x00	; 0
     1a0:	80 93 92 00 	sts	0x0092, r24	; 0x800092 <pxOverflowDelayedCoRoutineList>
     1a4:	90 93 93 00 	sts	0x0093, r25	; 0x800093 <pxOverflowDelayedCoRoutineList+0x1>
     1a8:	91 cf       	rjmp	.-222    	; 0xcc <.L3>

000001aa <vCoRoutineAddToDelayedList>:
     1aa:	0f 93       	push	r16
     1ac:	1f 93       	push	r17
     1ae:	cf 93       	push	r28
     1b0:	df 93       	push	r29
     1b2:	8b 01       	movw	r16, r22
     1b4:	c0 91 86 00 	lds	r28, 0x0086	; 0x800086 <xCoRoutineTickCount>
     1b8:	d0 91 87 00 	lds	r29, 0x0087	; 0x800087 <xCoRoutineTickCount+0x1>
     1bc:	c8 0f       	add	r28, r24
     1be:	d9 1f       	adc	r29, r25
     1c0:	80 91 80 00 	lds	r24, 0x0080	; 0x800080 <pxCurrentCoRoutine>
     1c4:	90 91 81 00 	lds	r25, 0x0081	; 0x800081 <pxCurrentCoRoutine+0x1>
     1c8:	02 96       	adiw	r24, 0x02	; 2
     1ca:	0e 94 13 03 	call	0x626	; 0x626 <vListRemove>
     1ce:	e0 91 80 00 	lds	r30, 0x0080	; 0x800080 <pxCurrentCoRoutine>
     1d2:	f0 91 81 00 	lds	r31, 0x0081	; 0x800081 <pxCurrentCoRoutine+0x1>
     1d6:	c2 83       	std	Z+2, r28	; 0x02
     1d8:	d3 83       	std	Z+3, r29	; 0x03
     1da:	80 91 86 00 	lds	r24, 0x0086	; 0x800086 <xCoRoutineTickCount>
     1de:	90 91 87 00 	lds	r25, 0x0087	; 0x800087 <xCoRoutineTickCount+0x1>
     1e2:	bf 01       	movw	r22, r30
     1e4:	6e 5f       	subi	r22, 0xFE	; 254
     1e6:	7f 4f       	sbci	r23, 0xFF	; 255
     1e8:	c8 17       	cp	r28, r24
     1ea:	d9 07       	cpc	r29, r25
     1ec:	b0 f4       	brcc	.+44     	; 0x21a <.L15>
     1ee:	80 91 92 00 	lds	r24, 0x0092	; 0x800092 <pxOverflowDelayedCoRoutineList>
     1f2:	90 91 93 00 	lds	r25, 0x0093	; 0x800093 <pxOverflowDelayedCoRoutineList+0x1>
     1f6:	0e 94 db 02 	call	0x5b6	; 0x5b6 <vListInsert>
     1fa:	01 15       	cp	r16, r1
     1fc:	11 05       	cpc	r17, r1
     1fe:	b1 f0       	breq	.+44     	; 0x22c <.L14>

00000200 <.L18>:
     200:	60 91 80 00 	lds	r22, 0x0080	; 0x800080 <pxCurrentCoRoutine>
     204:	70 91 81 00 	lds	r23, 0x0081	; 0x800081 <pxCurrentCoRoutine+0x1>
     208:	64 5f       	subi	r22, 0xF4	; 244
     20a:	7f 4f       	sbci	r23, 0xFF	; 255
     20c:	c8 01       	movw	r24, r16
     20e:	df 91       	pop	r29
     210:	cf 91       	pop	r28
     212:	1f 91       	pop	r17
     214:	0f 91       	pop	r16
     216:	0c 94 db 02 	jmp	0x5b6	; 0x5b6 <vListInsert>

0000021a <.L15>:
     21a:	80 91 94 00 	lds	r24, 0x0094	; 0x800094 <pxDelayedCoRoutineList>
     21e:	90 91 95 00 	lds	r25, 0x0095	; 0x800095 <pxDelayedCoRoutineList+0x1>
     222:	0e 94 db 02 	call	0x5b6	; 0x5b6 <vListInsert>
     226:	01 15       	cp	r16, r1
     228:	11 05       	cpc	r17, r1
     22a:	51 f7       	brne	.-44     	; 0x200 <.L18>

0000022c <.L14>:
     22c:	df 91       	pop	r29
     22e:	cf 91       	pop	r28
     230:	1f 91       	pop	r17
     232:	0f 91       	pop	r16
     234:	08 95       	ret

00000236 <vCoRoutineSchedule>:
     236:	0f 93       	push	r16
     238:	1f 93       	push	r17
     23a:	cf 93       	push	r28
     23c:	df 93       	push	r29
     23e:	80 91 89 00 	lds	r24, 0x0089	; 0x800089 <xPendingReadyCoRoutineList>
     242:	81 15       	cp	r24, r1
     244:	61 f1       	breq	.+88     	; 0x29e <.L24>

00000246 <.L20>:
     246:	f8 94       	cli
     248:	e0 91 8e 00 	lds	r30, 0x008E	; 0x80008e <xPendingReadyCoRoutineList+0x5>
     24c:	f0 91 8f 00 	lds	r31, 0x008F	; 0x80008f <xPendingReadyCoRoutineList+0x6>
     250:	c6 81       	ldd	r28, Z+6	; 0x06
     252:	d7 81       	ldd	r29, Z+7	; 0x07
     254:	ce 01       	movw	r24, r28
     256:	0c 96       	adiw	r24, 0x0c	; 12
     258:	0e 94 13 03 	call	0x626	; 0x626 <vListRemove>
     25c:	78 94       	sei
     25e:	8e 01       	movw	r16, r28
     260:	0e 5f       	subi	r16, 0xFE	; 254
     262:	1f 4f       	sbci	r17, 0xFF	; 255
     264:	c8 01       	movw	r24, r16
     266:	0e 94 13 03 	call	0x626	; 0x626 <vListRemove>
     26a:	2e 89       	ldd	r18, Y+22	; 0x16
     26c:	80 91 88 00 	lds	r24, 0x0088	; 0x800088 <uxTopCoRoutineReadyPriority>
     270:	82 17       	cp	r24, r18
     272:	10 f4       	brcc	.+4      	; 0x278 <.L23>
     274:	20 93 88 00 	sts	0x0088, r18	; 0x800088 <uxTopCoRoutineReadyPriority>

00000278 <.L23>:
     278:	30 e0       	ldi	r19, 0x00	; 0
     27a:	c9 01       	movw	r24, r18
     27c:	88 0f       	add	r24, r24
     27e:	99 1f       	adc	r25, r25
     280:	88 0f       	add	r24, r24
     282:	99 1f       	adc	r25, r25
     284:	88 0f       	add	r24, r24
     286:	99 1f       	adc	r25, r25
     288:	82 0f       	add	r24, r18
     28a:	93 1f       	adc	r25, r19
     28c:	b8 01       	movw	r22, r16
     28e:	88 55       	subi	r24, 0x58	; 88
     290:	9f 4f       	sbci	r25, 0xFF	; 255
     292:	0e 94 ba 02 	call	0x574	; 0x574 <vListInsertEnd>
     296:	80 91 89 00 	lds	r24, 0x0089	; 0x800089 <xPendingReadyCoRoutineList>
     29a:	81 11       	cpse	r24, r1
     29c:	d4 cf       	rjmp	.-88     	; 0x246 <.L20>

0000029e <.L24>:
     29e:	0e 94 a2 09 	call	0x1344	; 0x1344 <xTaskGetTickCount>
     2a2:	20 91 84 00 	lds	r18, 0x0084	; 0x800084 <xLastTickCount>
     2a6:	30 91 85 00 	lds	r19, 0x0085	; 0x800085 <xLastTickCount+0x1>
     2aa:	82 1b       	sub	r24, r18
     2ac:	93 0b       	sbc	r25, r19
     2ae:	80 93 82 00 	sts	0x0082, r24	; 0x800082 <xPassedTicks>
     2b2:	90 93 83 00 	sts	0x0083, r25	; 0x800083 <xPassedTicks+0x1>
     2b6:	20 91 86 00 	lds	r18, 0x0086	; 0x800086 <xCoRoutineTickCount>
     2ba:	30 91 87 00 	lds	r19, 0x0087	; 0x800087 <xCoRoutineTickCount+0x1>
     2be:	00 97       	sbiw	r24, 0x00	; 0
     2c0:	09 f4       	brne	.+2      	; 0x2c4 <.L21>

000002c2 <L0^A>:
     2c2:	7a c0       	rjmp	.+244    	; 0x3b8 <.L22>

000002c4 <.L21>:
     2c4:	2f 5f       	subi	r18, 0xFF	; 255
     2c6:	3f 4f       	sbci	r19, 0xFF	; 255
     2c8:	20 93 86 00 	sts	0x0086, r18	; 0x800086 <xCoRoutineTickCount>
     2cc:	30 93 87 00 	sts	0x0087, r19	; 0x800087 <xCoRoutineTickCount+0x1>
     2d0:	01 97       	sbiw	r24, 0x01	; 1
     2d2:	80 93 82 00 	sts	0x0082, r24	; 0x800082 <xPassedTicks>
     2d6:	90 93 83 00 	sts	0x0083, r25	; 0x800083 <xPassedTicks+0x1>
     2da:	50 91 94 00 	lds	r21, 0x0094	; 0x800094 <pxDelayedCoRoutineList>
     2de:	40 91 95 00 	lds	r20, 0x0095	; 0x800095 <pxDelayedCoRoutineList+0x1>
     2e2:	21 15       	cp	r18, r1
     2e4:	31 05       	cpc	r19, r1
     2e6:	09 f0       	breq	.+2      	; 0x2ea <L0^A+0x2>

000002e8 <L0^A>:
     2e8:	a2 c0       	rjmp	.+324    	; 0x42e <.L37>
     2ea:	e0 91 92 00 	lds	r30, 0x0092	; 0x800092 <pxOverflowDelayedCoRoutineList>
     2ee:	f0 91 93 00 	lds	r31, 0x0093	; 0x800093 <pxOverflowDelayedCoRoutineList+0x1>
     2f2:	e0 93 94 00 	sts	0x0094, r30	; 0x800094 <pxDelayedCoRoutineList>
     2f6:	f0 93 95 00 	sts	0x0095, r31	; 0x800095 <pxDelayedCoRoutineList+0x1>
     2fa:	50 93 92 00 	sts	0x0092, r21	; 0x800092 <pxOverflowDelayedCoRoutineList>
     2fe:	40 93 93 00 	sts	0x0093, r20	; 0x800093 <pxOverflowDelayedCoRoutineList+0x1>

00000302 <.L28>:
     302:	40 81       	ld	r20, Z
     304:	41 11       	cpse	r20, r1
     306:	33 c0       	rjmp	.+102    	; 0x36e <.L31>
     308:	54 c0       	rjmp	.+168    	; 0x3b2 <.L26>

0000030a <.L27>:
     30a:	f8 94       	cli
     30c:	8e 01       	movw	r16, r28
     30e:	0e 5f       	subi	r16, 0xFE	; 254
     310:	1f 4f       	sbci	r17, 0xFF	; 255
     312:	c8 01       	movw	r24, r16
     314:	0e 94 13 03 	call	0x626	; 0x626 <vListRemove>
     318:	8c 89       	ldd	r24, Y+20	; 0x14
     31a:	9d 89       	ldd	r25, Y+21	; 0x15
     31c:	89 2b       	or	r24, r25
     31e:	21 f0       	breq	.+8      	; 0x328 <.L29>
     320:	ce 01       	movw	r24, r28
     322:	0c 96       	adiw	r24, 0x0c	; 12
     324:	0e 94 13 03 	call	0x626	; 0x626 <vListRemove>

00000328 <.L29>:
     328:	78 94       	sei
     32a:	2e 89       	ldd	r18, Y+22	; 0x16
     32c:	80 91 88 00 	lds	r24, 0x0088	; 0x800088 <uxTopCoRoutineReadyPriority>
     330:	82 17       	cp	r24, r18
     332:	10 f4       	brcc	.+4      	; 0x338 <.L30>
     334:	20 93 88 00 	sts	0x0088, r18	; 0x800088 <uxTopCoRoutineReadyPriority>

00000338 <.L30>:
     338:	30 e0       	ldi	r19, 0x00	; 0
     33a:	c9 01       	movw	r24, r18
     33c:	88 0f       	add	r24, r24
     33e:	99 1f       	adc	r25, r25
     340:	88 0f       	add	r24, r24
     342:	99 1f       	adc	r25, r25
     344:	88 0f       	add	r24, r24
     346:	99 1f       	adc	r25, r25
     348:	82 0f       	add	r24, r18
     34a:	93 1f       	adc	r25, r19
     34c:	b8 01       	movw	r22, r16
     34e:	88 55       	subi	r24, 0x58	; 88
     350:	9f 4f       	sbci	r25, 0xFF	; 255
     352:	0e 94 ba 02 	call	0x574	; 0x574 <vListInsertEnd>
     356:	e0 91 94 00 	lds	r30, 0x0094	; 0x800094 <pxDelayedCoRoutineList>
     35a:	f0 91 95 00 	lds	r31, 0x0095	; 0x800095 <pxDelayedCoRoutineList+0x1>
     35e:	80 81       	ld	r24, Z
     360:	20 91 86 00 	lds	r18, 0x0086	; 0x800086 <xCoRoutineTickCount>
     364:	30 91 87 00 	lds	r19, 0x0087	; 0x800087 <xCoRoutineTickCount+0x1>
     368:	81 15       	cp	r24, r1
     36a:	09 f4       	brne	.+2      	; 0x36e <.L31>

0000036c <L0^A>:
     36c:	58 c0       	rjmp	.+176    	; 0x41e <.L55>

0000036e <.L31>:
     36e:	05 80       	ldd	r0, Z+5	; 0x05
     370:	f6 81       	ldd	r31, Z+6	; 0x06
     372:	e0 2d       	mov	r30, r0
     374:	c6 81       	ldd	r28, Z+6	; 0x06
     376:	d7 81       	ldd	r29, Z+7	; 0x07
     378:	8a 81       	ldd	r24, Y+2	; 0x02
     37a:	9b 81       	ldd	r25, Y+3	; 0x03
     37c:	28 17       	cp	r18, r24
     37e:	39 07       	cpc	r19, r25
     380:	20 f6       	brcc	.-120    	; 0x30a <.L27>
     382:	80 91 82 00 	lds	r24, 0x0082	; 0x800082 <xPassedTicks>
     386:	90 91 83 00 	lds	r25, 0x0083	; 0x800083 <xPassedTicks+0x1>
     38a:	00 97       	sbiw	r24, 0x00	; 0
     38c:	a9 f0       	breq	.+42     	; 0x3b8 <.L22>
     38e:	2f 5f       	subi	r18, 0xFF	; 255
     390:	3f 4f       	sbci	r19, 0xFF	; 255
     392:	20 93 86 00 	sts	0x0086, r18	; 0x800086 <xCoRoutineTickCount>
     396:	30 93 87 00 	sts	0x0087, r19	; 0x800087 <xCoRoutineTickCount+0x1>
     39a:	01 97       	sbiw	r24, 0x01	; 1
     39c:	80 93 82 00 	sts	0x0082, r24	; 0x800082 <xPassedTicks>
     3a0:	90 93 83 00 	sts	0x0083, r25	; 0x800083 <xPassedTicks+0x1>
     3a4:	e0 91 94 00 	lds	r30, 0x0094	; 0x800094 <pxDelayedCoRoutineList>
     3a8:	f0 91 95 00 	lds	r31, 0x0095	; 0x800095 <pxDelayedCoRoutineList+0x1>
     3ac:	40 81       	ld	r20, Z
     3ae:	41 11       	cpse	r20, r1
     3b0:	de cf       	rjmp	.-68     	; 0x36e <.L31>

000003b2 <.L26>:
     3b2:	00 97       	sbiw	r24, 0x00	; 0
     3b4:	09 f0       	breq	.+2      	; 0x3b8 <.L22>

000003b6 <L0^A>:
     3b6:	86 cf       	rjmp	.-244    	; 0x2c4 <.L21>

000003b8 <.L22>:
     3b8:	20 93 84 00 	sts	0x0084, r18	; 0x800084 <xLastTickCount>
     3bc:	30 93 85 00 	sts	0x0085, r19	; 0x800085 <xLastTickCount+0x1>
     3c0:	80 91 88 00 	lds	r24, 0x0088	; 0x800088 <uxTopCoRoutineReadyPriority>
     3c4:	28 2f       	mov	r18, r24
     3c6:	30 e0       	ldi	r19, 0x00	; 0
     3c8:	a9 01       	movw	r20, r18
     3ca:	44 0f       	add	r20, r20
     3cc:	55 1f       	adc	r21, r21
     3ce:	44 0f       	add	r20, r20
     3d0:	55 1f       	adc	r21, r21
     3d2:	44 0f       	add	r20, r20
     3d4:	55 1f       	adc	r21, r21
     3d6:	fa 01       	movw	r30, r20
     3d8:	e2 0f       	add	r30, r18
     3da:	f3 1f       	adc	r31, r19
     3dc:	e8 55       	subi	r30, 0x58	; 88
     3de:	ff 4f       	sbci	r31, 0xFF	; 255
     3e0:	90 81       	ld	r25, Z
     3e2:	91 15       	cp	r25, r1
     3e4:	99 f0       	breq	.+38     	; 0x40c <.L35>
     3e6:	28 c0       	rjmp	.+80     	; 0x438 <.L32>

000003e8 <.L33>:
     3e8:	81 50       	subi	r24, 0x01	; 1
     3ea:	28 2f       	mov	r18, r24
     3ec:	30 e0       	ldi	r19, 0x00	; 0
     3ee:	a9 01       	movw	r20, r18
     3f0:	44 0f       	add	r20, r20
     3f2:	55 1f       	adc	r21, r21
     3f4:	44 0f       	add	r20, r20
     3f6:	55 1f       	adc	r21, r21
     3f8:	44 0f       	add	r20, r20
     3fa:	55 1f       	adc	r21, r21
     3fc:	fa 01       	movw	r30, r20
     3fe:	e2 0f       	add	r30, r18
     400:	f3 1f       	adc	r31, r19
     402:	e8 55       	subi	r30, 0x58	; 88
     404:	ff 4f       	sbci	r31, 0xFF	; 255
     406:	90 81       	ld	r25, Z
     408:	91 11       	cpse	r25, r1
     40a:	14 c0       	rjmp	.+40     	; 0x434 <.L56>

0000040c <.L35>:
     40c:	81 11       	cpse	r24, r1
     40e:	ec cf       	rjmp	.-40     	; 0x3e8 <.L33>
     410:	10 92 88 00 	sts	0x0088, r1	; 0x800088 <uxTopCoRoutineReadyPriority>
     414:	df 91       	pop	r29
     416:	cf 91       	pop	r28
     418:	1f 91       	pop	r17
     41a:	0f 91       	pop	r16
     41c:	08 95       	ret

0000041e <.L55>:
     41e:	80 91 82 00 	lds	r24, 0x0082	; 0x800082 <xPassedTicks>
     422:	90 91 83 00 	lds	r25, 0x0083	; 0x800083 <xPassedTicks+0x1>
     426:	00 97       	sbiw	r24, 0x00	; 0
     428:	09 f0       	breq	.+2      	; 0x42c <L0^A+0x2>

0000042a <L0^A>:
     42a:	4c cf       	rjmp	.-360    	; 0x2c4 <.L21>
     42c:	c5 cf       	rjmp	.-118    	; 0x3b8 <.L22>

0000042e <.L37>:
     42e:	e5 2f       	mov	r30, r21
     430:	f4 2f       	mov	r31, r20
     432:	67 cf       	rjmp	.-306    	; 0x302 <.L28>

00000434 <.L56>:
     434:	80 93 88 00 	sts	0x0088, r24	; 0x800088 <uxTopCoRoutineReadyPriority>

00000438 <.L32>:
     438:	42 0f       	add	r20, r18
     43a:	53 1f       	adc	r21, r19
     43c:	da 01       	movw	r26, r20
     43e:	a8 55       	subi	r26, 0x58	; 88
     440:	bf 4f       	sbci	r27, 0xFF	; 255
     442:	11 96       	adiw	r26, 0x01	; 1
     444:	ed 91       	ld	r30, X+
     446:	fd 91       	ld	r31, X+
     448:	02 80       	ldd	r0, Z+2	; 0x02
     44a:	f3 81       	ldd	r31, Z+3	; 0x03
     44c:	e0 2d       	mov	r30, r0
     44e:	fe 93       	st	-X, r31
     450:	ee 93       	st	-X, r30
     452:	11 97       	sbiw	r26, 0x01	; 1
     454:	45 55       	subi	r20, 0x55	; 85
     456:	5f 4f       	sbci	r21, 0xFF	; 255
     458:	e4 17       	cp	r30, r20
     45a:	f5 07       	cpc	r31, r21
     45c:	81 f0       	breq	.+32     	; 0x47e <.L57>

0000045e <.L36>:
     45e:	86 81       	ldd	r24, Z+6	; 0x06
     460:	97 81       	ldd	r25, Z+7	; 0x07
     462:	80 93 80 00 	sts	0x0080, r24	; 0x800080 <pxCurrentCoRoutine>
     466:	90 93 81 00 	sts	0x0081, r25	; 0x800081 <pxCurrentCoRoutine+0x1>
     46a:	dc 01       	movw	r26, r24
     46c:	ed 91       	ld	r30, X+
     46e:	fd 91       	ld	r31, X+
     470:	55 96       	adiw	r26, 0x15	; 21
     472:	6c 91       	ld	r22, X
     474:	df 91       	pop	r29
     476:	cf 91       	pop	r28
     478:	1f 91       	pop	r17
     47a:	0f 91       	pop	r16
     47c:	09 94       	ijmp

0000047e <.L57>:
     47e:	02 80       	ldd	r0, Z+2	; 0x02
     480:	f3 81       	ldd	r31, Z+3	; 0x03
     482:	e0 2d       	mov	r30, r0
     484:	11 96       	adiw	r26, 0x01	; 1
     486:	ed 93       	st	X+, r30
     488:	fd 93       	st	X+, r31
     48a:	e9 cf       	rjmp	.-46     	; 0x45e <.L36>

0000048c <xCoRoutineRemoveFromEventList>:
     48c:	0f 93       	push	r16
     48e:	1f 93       	push	r17
     490:	cf 93       	push	r28
     492:	df 93       	push	r29
     494:	fc 01       	movw	r30, r24
     496:	05 80       	ldd	r0, Z+5	; 0x05
     498:	f6 81       	ldd	r31, Z+6	; 0x06
     49a:	e0 2d       	mov	r30, r0
     49c:	c6 81       	ldd	r28, Z+6	; 0x06
     49e:	d7 81       	ldd	r29, Z+7	; 0x07
     4a0:	8e 01       	movw	r16, r28
     4a2:	04 5f       	subi	r16, 0xF4	; 244
     4a4:	1f 4f       	sbci	r17, 0xFF	; 255
     4a6:	c8 01       	movw	r24, r16
     4a8:	0e 94 13 03 	call	0x626	; 0x626 <vListRemove>
     4ac:	b8 01       	movw	r22, r16
     4ae:	89 e8       	ldi	r24, 0x89	; 137
     4b0:	90 e0       	ldi	r25, 0x00	; 0
     4b2:	0e 94 ba 02 	call	0x574	; 0x574 <vListInsertEnd>
     4b6:	e0 91 80 00 	lds	r30, 0x0080	; 0x800080 <pxCurrentCoRoutine>
     4ba:	f0 91 81 00 	lds	r31, 0x0081	; 0x800081 <pxCurrentCoRoutine+0x1>
     4be:	81 e0       	ldi	r24, 0x01	; 1
     4c0:	2e 89       	ldd	r18, Y+22	; 0x16
     4c2:	96 89       	ldd	r25, Z+22	; 0x16
     4c4:	29 17       	cp	r18, r25
     4c6:	08 f4       	brcc	.+2      	; 0x4ca <.L59>
     4c8:	80 e0       	ldi	r24, 0x00	; 0

000004ca <.L59>:
     4ca:	df 91       	pop	r29
     4cc:	cf 91       	pop	r28
     4ce:	1f 91       	pop	r17
     4d0:	0f 91       	pop	r16
     4d2:	08 95       	ret

000004d4 <pvPortMalloc>:
     4d4:	cf 93       	push	r28
     4d6:	df 93       	push	r29
     4d8:	00 d0       	rcall	.+0      	; 0x4da <L0^A>

000004da <L0^A>:
     4da:	cd b7       	in	r28, 0x3d	; 61
     4dc:	de b7       	in	r29, 0x3e	; 62
     4de:	89 83       	std	Y+1, r24	; 0x01
     4e0:	9a 83       	std	Y+2, r25	; 0x02
     4e2:	0e 94 9c 09 	call	0x1338	; 0x1338 <vTaskSuspendAll>
     4e6:	20 91 ba 00 	lds	r18, 0x00BA	; 0x8000ba <xNextFreeByte>
     4ea:	30 91 bb 00 	lds	r19, 0x00BB	; 0x8000bb <xNextFreeByte+0x1>
     4ee:	89 81       	ldd	r24, Y+1	; 0x01
     4f0:	9a 81       	ldd	r25, Y+2	; 0x02
     4f2:	82 0f       	add	r24, r18
     4f4:	93 1f       	adc	r25, r19
     4f6:	88 3e       	cpi	r24, 0xE8	; 232
     4f8:	43 e0       	ldi	r20, 0x03	; 3
     4fa:	94 07       	cpc	r25, r20
     4fc:	a8 f4       	brcc	.+42     	; 0x528 <.L4>
     4fe:	28 17       	cp	r18, r24
     500:	39 07       	cpc	r19, r25
     502:	90 f4       	brcc	.+36     	; 0x528 <.L4>
     504:	a9 01       	movw	r20, r18
     506:	44 54       	subi	r20, 0x44	; 68
     508:	5f 4f       	sbci	r21, 0xFF	; 255
     50a:	49 83       	std	Y+1, r20	; 0x01
     50c:	5a 83       	std	Y+2, r21	; 0x02
     50e:	80 93 ba 00 	sts	0x00BA, r24	; 0x8000ba <xNextFreeByte>
     512:	90 93 bb 00 	sts	0x00BB, r25	; 0x8000bb <xNextFreeByte+0x1>

00000516 <.L2>:
     516:	0e 94 70 0a 	call	0x14e0	; 0x14e0 <xTaskResumeAll>
     51a:	89 81       	ldd	r24, Y+1	; 0x01
     51c:	9a 81       	ldd	r25, Y+2	; 0x02
     51e:	0f 90       	pop	r0
     520:	0f 90       	pop	r0
     522:	df 91       	pop	r29
     524:	cf 91       	pop	r28
     526:	08 95       	ret

00000528 <.L4>:
     528:	19 82       	std	Y+1, r1	; 0x01
     52a:	1a 82       	std	Y+2, r1	; 0x02
     52c:	f4 cf       	rjmp	.-24     	; 0x516 <.L2>

0000052e <vPortFree>:
     52e:	08 95       	ret

00000530 <vPortInitialiseBlocks>:
     530:	10 92 ba 00 	sts	0x00BA, r1	; 0x8000ba <xNextFreeByte>
     534:	10 92 bb 00 	sts	0x00BB, r1	; 0x8000bb <xNextFreeByte+0x1>
     538:	08 95       	ret

0000053a <xPortGetFreeHeapSize>:
     53a:	80 91 ba 00 	lds	r24, 0x00BA	; 0x8000ba <xNextFreeByte>
     53e:	90 91 bb 00 	lds	r25, 0x00BB	; 0x8000bb <xNextFreeByte+0x1>
     542:	28 ee       	ldi	r18, 0xE8	; 232
     544:	33 e0       	ldi	r19, 0x03	; 3
     546:	a9 01       	movw	r20, r18
     548:	48 1b       	sub	r20, r24
     54a:	59 0b       	sbc	r21, r25
     54c:	ca 01       	movw	r24, r20
     54e:	08 95       	ret

00000550 <vListInitialise>:
     550:	fc 01       	movw	r30, r24
     552:	03 96       	adiw	r24, 0x03	; 3
     554:	81 83       	std	Z+1, r24	; 0x01
     556:	92 83       	std	Z+2, r25	; 0x02
     558:	2f ef       	ldi	r18, 0xFF	; 255
     55a:	3f ef       	ldi	r19, 0xFF	; 255
     55c:	34 83       	std	Z+4, r19	; 0x04
     55e:	23 83       	std	Z+3, r18	; 0x03
     560:	96 83       	std	Z+6, r25	; 0x06
     562:	85 83       	std	Z+5, r24	; 0x05
     564:	90 87       	std	Z+8, r25	; 0x08
     566:	87 83       	std	Z+7, r24	; 0x07
     568:	10 82       	st	Z, r1
     56a:	08 95       	ret

0000056c <vListInitialiseItem>:
     56c:	fc 01       	movw	r30, r24
     56e:	10 86       	std	Z+8, r1	; 0x08
     570:	11 86       	std	Z+9, r1	; 0x09
     572:	08 95       	ret

00000574 <vListInsertEnd>:
     574:	cf 93       	push	r28
     576:	df 93       	push	r29
     578:	dc 01       	movw	r26, r24
     57a:	fb 01       	movw	r30, r22
     57c:	11 96       	adiw	r26, 0x01	; 1
     57e:	8d 91       	ld	r24, X+
     580:	9d 91       	ld	r25, X+
     582:	ec 01       	movw	r28, r24
     584:	2a 81       	ldd	r18, Y+2	; 0x02
     586:	3b 81       	ldd	r19, Y+3	; 0x03
     588:	22 83       	std	Z+2, r18	; 0x02
     58a:	33 83       	std	Z+3, r19	; 0x03
     58c:	84 83       	std	Z+4, r24	; 0x04
     58e:	95 83       	std	Z+5, r25	; 0x05
     590:	2a 81       	ldd	r18, Y+2	; 0x02
     592:	3b 81       	ldd	r19, Y+3	; 0x03
     594:	e9 01       	movw	r28, r18
     596:	7d 83       	std	Y+5, r23	; 0x05
     598:	6c 83       	std	Y+4, r22	; 0x04
     59a:	ec 01       	movw	r28, r24
     59c:	7b 83       	std	Y+3, r23	; 0x03
     59e:	6a 83       	std	Y+2, r22	; 0x02
     5a0:	fe 93       	st	-X, r31
     5a2:	6e 93       	st	-X, r22
     5a4:	11 97       	sbiw	r26, 0x01	; 1
     5a6:	a0 87       	std	Z+8, r26	; 0x08
     5a8:	b1 87       	std	Z+9, r27	; 0x09
     5aa:	8c 91       	ld	r24, X
     5ac:	8f 5f       	subi	r24, 0xFF	; 255
     5ae:	8c 93       	st	X, r24
     5b0:	df 91       	pop	r29
     5b2:	cf 91       	pop	r28
     5b4:	08 95       	ret

000005b6 <vListInsert>:
     5b6:	cf 93       	push	r28
     5b8:	df 93       	push	r29
     5ba:	ac 01       	movw	r20, r24
     5bc:	eb 01       	movw	r28, r22
     5be:	28 81       	ld	r18, Y
     5c0:	39 81       	ldd	r19, Y+1	; 0x01
     5c2:	2f 3f       	cpi	r18, 0xFF	; 255
     5c4:	32 07       	cpc	r19, r18
     5c6:	51 f1       	breq	.+84     	; 0x61c <.L10>
     5c8:	fa 01       	movw	r30, r20
     5ca:	33 96       	adiw	r30, 0x03	; 3
     5cc:	da 01       	movw	r26, r20
     5ce:	15 96       	adiw	r26, 0x05	; 5
     5d0:	8d 91       	ld	r24, X+
     5d2:	9d 91       	ld	r25, X+
     5d4:	dc 01       	movw	r26, r24
     5d6:	8d 91       	ld	r24, X+
     5d8:	9d 91       	ld	r25, X+
     5da:	28 17       	cp	r18, r24
     5dc:	39 07       	cpc	r19, r25
     5de:	50 f0       	brcs	.+20     	; 0x5f4 <.L7>

000005e0 <.L8>:
     5e0:	02 80       	ldd	r0, Z+2	; 0x02
     5e2:	f3 81       	ldd	r31, Z+3	; 0x03
     5e4:	e0 2d       	mov	r30, r0
     5e6:	a2 81       	ldd	r26, Z+2	; 0x02
     5e8:	b3 81       	ldd	r27, Z+3	; 0x03
     5ea:	8d 91       	ld	r24, X+
     5ec:	9d 91       	ld	r25, X+
     5ee:	28 17       	cp	r18, r24
     5f0:	39 07       	cpc	r19, r25
     5f2:	b0 f7       	brcc	.-20     	; 0x5e0 <.L8>

000005f4 <.L7>:
     5f4:	a2 81       	ldd	r26, Z+2	; 0x02
     5f6:	b3 81       	ldd	r27, Z+3	; 0x03
     5f8:	aa 83       	std	Y+2, r26	; 0x02
     5fa:	bb 83       	std	Y+3, r27	; 0x03
     5fc:	16 96       	adiw	r26, 0x06	; 6
     5fe:	de 93       	st	-X, r29
     600:	ce 93       	st	-X, r28
     602:	ec 83       	std	Y+4, r30	; 0x04
     604:	fd 83       	std	Y+5, r31	; 0x05
     606:	d3 83       	std	Z+3, r29	; 0x03
     608:	c2 83       	std	Z+2, r28	; 0x02
     60a:	48 87       	std	Y+8, r20	; 0x08
     60c:	59 87       	std	Y+9, r21	; 0x09
     60e:	fa 01       	movw	r30, r20
     610:	80 81       	ld	r24, Z
     612:	8f 5f       	subi	r24, 0xFF	; 255
     614:	80 83       	st	Z, r24
     616:	df 91       	pop	r29
     618:	cf 91       	pop	r28
     61a:	08 95       	ret

0000061c <.L10>:
     61c:	da 01       	movw	r26, r20
     61e:	17 96       	adiw	r26, 0x07	; 7
     620:	ed 91       	ld	r30, X+
     622:	fd 91       	ld	r31, X+
     624:	e7 cf       	rjmp	.-50     	; 0x5f4 <.L7>

00000626 <vListRemove>:
     626:	cf 93       	push	r28
     628:	df 93       	push	r29
     62a:	fc 01       	movw	r30, r24
     62c:	a2 81       	ldd	r26, Z+2	; 0x02
     62e:	b3 81       	ldd	r27, Z+3	; 0x03
     630:	84 81       	ldd	r24, Z+4	; 0x04
     632:	95 81       	ldd	r25, Z+5	; 0x05
     634:	16 96       	adiw	r26, 0x06	; 6
     636:	9e 93       	st	-X, r25
     638:	8e 93       	st	-X, r24
     63a:	14 97       	sbiw	r26, 0x04	; 4
     63c:	84 81       	ldd	r24, Z+4	; 0x04
     63e:	95 81       	ldd	r25, Z+5	; 0x05
     640:	ec 01       	movw	r28, r24
     642:	bb 83       	std	Y+3, r27	; 0x03
     644:	aa 83       	std	Y+2, r26	; 0x02
     646:	a0 85       	ldd	r26, Z+8	; 0x08
     648:	b1 85       	ldd	r27, Z+9	; 0x09
     64a:	11 96       	adiw	r26, 0x01	; 1
     64c:	2d 91       	ld	r18, X+
     64e:	3d 91       	ld	r19, X+
     650:	13 97       	sbiw	r26, 0x03	; 3
     652:	2e 17       	cp	r18, r30
     654:	3f 07       	cpc	r19, r31
     656:	41 f0       	breq	.+16     	; 0x668 <.L13>
     658:	10 86       	std	Z+8, r1	; 0x08
     65a:	11 86       	std	Z+9, r1	; 0x09
     65c:	8c 91       	ld	r24, X
     65e:	81 50       	subi	r24, 0x01	; 1
     660:	8c 93       	st	X, r24
     662:	df 91       	pop	r29
     664:	cf 91       	pop	r28
     666:	08 95       	ret

00000668 <.L13>:
     668:	11 96       	adiw	r26, 0x01	; 1
     66a:	8d 93       	st	X+, r24
     66c:	9d 93       	st	X+, r25
     66e:	13 97       	sbiw	r26, 0x03	; 3
     670:	10 86       	std	Z+8, r1	; 0x08
     672:	11 86       	std	Z+9, r1	; 0x09
     674:	8c 91       	ld	r24, X
     676:	81 50       	subi	r24, 0x01	; 1
     678:	8c 93       	st	X, r24
     67a:	df 91       	pop	r29
     67c:	cf 91       	pop	r28
     67e:	08 95       	ret

00000680 <pxPortInitialiseStack>:
     680:	31 e1       	ldi	r19, 0x11	; 17
     682:	fc 01       	movw	r30, r24
     684:	30 83       	st	Z, r19
     686:	22 e2       	ldi	r18, 0x22	; 34
     688:	22 93       	st	-Z, r18
     68a:	a3 e3       	ldi	r26, 0x33	; 51
     68c:	a2 93       	st	-Z, r26
     68e:	62 93       	st	-Z, r22
     690:	72 93       	st	-Z, r23
     692:	12 92       	st	-Z, r1
     694:	60 e8       	ldi	r22, 0x80	; 128
     696:	62 93       	st	-Z, r22
     698:	12 92       	st	-Z, r1
     69a:	62 e0       	ldi	r22, 0x02	; 2
     69c:	62 93       	st	-Z, r22
     69e:	63 e0       	ldi	r22, 0x03	; 3
     6a0:	62 93       	st	-Z, r22
     6a2:	64 e0       	ldi	r22, 0x04	; 4
     6a4:	62 93       	st	-Z, r22
     6a6:	65 e0       	ldi	r22, 0x05	; 5
     6a8:	62 93       	st	-Z, r22
     6aa:	66 e0       	ldi	r22, 0x06	; 6
     6ac:	62 93       	st	-Z, r22
     6ae:	67 e0       	ldi	r22, 0x07	; 7
     6b0:	62 93       	st	-Z, r22
     6b2:	68 e0       	ldi	r22, 0x08	; 8
     6b4:	62 93       	st	-Z, r22
     6b6:	69 e0       	ldi	r22, 0x09	; 9
     6b8:	62 93       	st	-Z, r22
     6ba:	60 e1       	ldi	r22, 0x10	; 16
     6bc:	62 93       	st	-Z, r22
     6be:	32 93       	st	-Z, r19
     6c0:	32 e1       	ldi	r19, 0x12	; 18
     6c2:	32 93       	st	-Z, r19
     6c4:	33 e1       	ldi	r19, 0x13	; 19
     6c6:	32 93       	st	-Z, r19
     6c8:	34 e1       	ldi	r19, 0x14	; 20
     6ca:	32 93       	st	-Z, r19
     6cc:	35 e1       	ldi	r19, 0x15	; 21
     6ce:	32 93       	st	-Z, r19
     6d0:	36 e1       	ldi	r19, 0x16	; 22
     6d2:	32 93       	st	-Z, r19
     6d4:	37 e1       	ldi	r19, 0x17	; 23
     6d6:	32 93       	st	-Z, r19
     6d8:	38 e1       	ldi	r19, 0x18	; 24
     6da:	32 93       	st	-Z, r19
     6dc:	39 e1       	ldi	r19, 0x19	; 25
     6de:	32 93       	st	-Z, r19
     6e0:	30 e2       	ldi	r19, 0x20	; 32
     6e2:	32 93       	st	-Z, r19
     6e4:	31 e2       	ldi	r19, 0x21	; 33
     6e6:	32 93       	st	-Z, r19
     6e8:	22 93       	st	-Z, r18
     6ea:	23 e2       	ldi	r18, 0x23	; 35
     6ec:	22 93       	st	-Z, r18
     6ee:	42 93       	st	-Z, r20
     6f0:	52 93       	st	-Z, r21
     6f2:	26 e2       	ldi	r18, 0x26	; 38
     6f4:	22 93       	st	-Z, r18
     6f6:	27 e2       	ldi	r18, 0x27	; 39
     6f8:	22 93       	st	-Z, r18
     6fa:	28 e2       	ldi	r18, 0x28	; 40
     6fc:	22 93       	st	-Z, r18
     6fe:	29 e2       	ldi	r18, 0x29	; 41
     700:	22 93       	st	-Z, r18
     702:	20 e3       	ldi	r18, 0x30	; 48
     704:	22 93       	st	-Z, r18
     706:	21 e3       	ldi	r18, 0x31	; 49
     708:	22 93       	st	-Z, r18
     70a:	86 97       	sbiw	r24, 0x26	; 38
     70c:	08 95       	ret

0000070e <xPortStartScheduler>:
     70e:	1b bc       	out	0x2b, r1	; 43
     710:	8c e7       	ldi	r24, 0x7C	; 124
     712:	8a bd       	out	0x2a, r24	; 42
     714:	8b e0       	ldi	r24, 0x0B	; 11
     716:	8e bd       	out	0x2e, r24	; 46
     718:	89 b7       	in	r24, 0x39	; 57
     71a:	80 61       	ori	r24, 0x10	; 16
     71c:	89 bf       	out	0x39, r24	; 57
     71e:	a0 91 a4 04 	lds	r26, 0x04A4	; 0x8004a4 <pxCurrentTCB>
     722:	b0 91 a5 04 	lds	r27, 0x04A5	; 0x8004a5 <pxCurrentTCB+0x1>
     726:	cd 91       	ld	r28, X+
     728:	cd bf       	out	0x3d, r28	; 61
     72a:	dd 91       	ld	r29, X+
     72c:	de bf       	out	0x3e, r29	; 62
     72e:	ff 91       	pop	r31
     730:	ef 91       	pop	r30
     732:	df 91       	pop	r29
     734:	cf 91       	pop	r28
     736:	bf 91       	pop	r27
     738:	af 91       	pop	r26
     73a:	9f 91       	pop	r25
     73c:	8f 91       	pop	r24
     73e:	7f 91       	pop	r23
     740:	6f 91       	pop	r22
     742:	5f 91       	pop	r21
     744:	4f 91       	pop	r20
     746:	3f 91       	pop	r19
     748:	2f 91       	pop	r18
     74a:	1f 91       	pop	r17
     74c:	0f 91       	pop	r16
     74e:	ff 90       	pop	r15
     750:	ef 90       	pop	r14
     752:	df 90       	pop	r13
     754:	cf 90       	pop	r12
     756:	bf 90       	pop	r11
     758:	af 90       	pop	r10
     75a:	9f 90       	pop	r9
     75c:	8f 90       	pop	r8
     75e:	7f 90       	pop	r7
     760:	6f 90       	pop	r6
     762:	5f 90       	pop	r5
     764:	4f 90       	pop	r4
     766:	3f 90       	pop	r3
     768:	2f 90       	pop	r2
     76a:	1f 90       	pop	r1
     76c:	0f 90       	pop	r0
     76e:	0f be       	out	0x3f, r0	; 63
     770:	0f 90       	pop	r0
     772:	08 95       	ret
     774:	81 e0       	ldi	r24, 0x01	; 1
     776:	08 95       	ret

00000778 <vPortEndScheduler>:
     778:	08 95       	ret

0000077a <vPortYield>:
     77a:	0f 92       	push	r0
     77c:	0f b6       	in	r0, 0x3f	; 63
     77e:	f8 94       	cli
     780:	0f 92       	push	r0
     782:	1f 92       	push	r1
     784:	11 24       	eor	r1, r1
     786:	2f 92       	push	r2
     788:	3f 92       	push	r3
     78a:	4f 92       	push	r4
     78c:	5f 92       	push	r5
     78e:	6f 92       	push	r6
     790:	7f 92       	push	r7
     792:	8f 92       	push	r8
     794:	9f 92       	push	r9
     796:	af 92       	push	r10
     798:	bf 92       	push	r11
     79a:	cf 92       	push	r12
     79c:	df 92       	push	r13
     79e:	ef 92       	push	r14
     7a0:	ff 92       	push	r15
     7a2:	0f 93       	push	r16
     7a4:	1f 93       	push	r17
     7a6:	2f 93       	push	r18
     7a8:	3f 93       	push	r19
     7aa:	4f 93       	push	r20
     7ac:	5f 93       	push	r21
     7ae:	6f 93       	push	r22
     7b0:	7f 93       	push	r23
     7b2:	8f 93       	push	r24
     7b4:	9f 93       	push	r25
     7b6:	af 93       	push	r26
     7b8:	bf 93       	push	r27
     7ba:	cf 93       	push	r28
     7bc:	df 93       	push	r29
     7be:	ef 93       	push	r30
     7c0:	ff 93       	push	r31
     7c2:	a0 91 a4 04 	lds	r26, 0x04A4	; 0x8004a4 <pxCurrentTCB>
     7c6:	b0 91 a5 04 	lds	r27, 0x04A5	; 0x8004a5 <pxCurrentTCB+0x1>
     7ca:	0d b6       	in	r0, 0x3d	; 61
     7cc:	0d 92       	st	X+, r0
     7ce:	0e b6       	in	r0, 0x3e	; 62
     7d0:	0d 92       	st	X+, r0
     7d2:	0e 94 89 0b 	call	0x1712	; 0x1712 <vTaskSwitchContext>
     7d6:	a0 91 a4 04 	lds	r26, 0x04A4	; 0x8004a4 <pxCurrentTCB>
     7da:	b0 91 a5 04 	lds	r27, 0x04A5	; 0x8004a5 <pxCurrentTCB+0x1>
     7de:	cd 91       	ld	r28, X+
     7e0:	cd bf       	out	0x3d, r28	; 61
     7e2:	dd 91       	ld	r29, X+
     7e4:	de bf       	out	0x3e, r29	; 62
     7e6:	ff 91       	pop	r31
     7e8:	ef 91       	pop	r30
     7ea:	df 91       	pop	r29
     7ec:	cf 91       	pop	r28
     7ee:	bf 91       	pop	r27
     7f0:	af 91       	pop	r26
     7f2:	9f 91       	pop	r25
     7f4:	8f 91       	pop	r24
     7f6:	7f 91       	pop	r23
     7f8:	6f 91       	pop	r22
     7fa:	5f 91       	pop	r21
     7fc:	4f 91       	pop	r20
     7fe:	3f 91       	pop	r19
     800:	2f 91       	pop	r18
     802:	1f 91       	pop	r17
     804:	0f 91       	pop	r16
     806:	ff 90       	pop	r15
     808:	ef 90       	pop	r14
     80a:	df 90       	pop	r13
     80c:	cf 90       	pop	r12
     80e:	bf 90       	pop	r11
     810:	af 90       	pop	r10
     812:	9f 90       	pop	r9
     814:	8f 90       	pop	r8
     816:	7f 90       	pop	r7
     818:	6f 90       	pop	r6
     81a:	5f 90       	pop	r5
     81c:	4f 90       	pop	r4
     81e:	3f 90       	pop	r3
     820:	2f 90       	pop	r2
     822:	1f 90       	pop	r1
     824:	0f 90       	pop	r0
     826:	0f be       	out	0x3f, r0	; 63
     828:	0f 90       	pop	r0
     82a:	08 95       	ret

0000082c <vPortYieldFromTick>:
     82c:	0f 92       	push	r0
     82e:	0f b6       	in	r0, 0x3f	; 63
     830:	f8 94       	cli
     832:	0f 92       	push	r0
     834:	1f 92       	push	r1
     836:	11 24       	eor	r1, r1
     838:	2f 92       	push	r2
     83a:	3f 92       	push	r3
     83c:	4f 92       	push	r4
     83e:	5f 92       	push	r5
     840:	6f 92       	push	r6
     842:	7f 92       	push	r7
     844:	8f 92       	push	r8
     846:	9f 92       	push	r9
     848:	af 92       	push	r10
     84a:	bf 92       	push	r11
     84c:	cf 92       	push	r12
     84e:	df 92       	push	r13
     850:	ef 92       	push	r14
     852:	ff 92       	push	r15
     854:	0f 93       	push	r16
     856:	1f 93       	push	r17
     858:	2f 93       	push	r18
     85a:	3f 93       	push	r19
     85c:	4f 93       	push	r20
     85e:	5f 93       	push	r21
     860:	6f 93       	push	r22
     862:	7f 93       	push	r23
     864:	8f 93       	push	r24
     866:	9f 93       	push	r25
     868:	af 93       	push	r26
     86a:	bf 93       	push	r27
     86c:	cf 93       	push	r28
     86e:	df 93       	push	r29
     870:	ef 93       	push	r30
     872:	ff 93       	push	r31
     874:	a0 91 a4 04 	lds	r26, 0x04A4	; 0x8004a4 <pxCurrentTCB>
     878:	b0 91 a5 04 	lds	r27, 0x04A5	; 0x8004a5 <pxCurrentTCB+0x1>
     87c:	0d b6       	in	r0, 0x3d	; 61
     87e:	0d 92       	st	X+, r0
     880:	0e b6       	in	r0, 0x3e	; 62
     882:	0d 92       	st	X+, r0
     884:	0e 94 b4 09 	call	0x1368	; 0x1368 <vTaskIncrementTick>
     888:	0e 94 89 0b 	call	0x1712	; 0x1712 <vTaskSwitchContext>
     88c:	a0 91 a4 04 	lds	r26, 0x04A4	; 0x8004a4 <pxCurrentTCB>
     890:	b0 91 a5 04 	lds	r27, 0x04A5	; 0x8004a5 <pxCurrentTCB+0x1>
     894:	cd 91       	ld	r28, X+
     896:	cd bf       	out	0x3d, r28	; 61
     898:	dd 91       	ld	r29, X+
     89a:	de bf       	out	0x3e, r29	; 62
     89c:	ff 91       	pop	r31
     89e:	ef 91       	pop	r30
     8a0:	df 91       	pop	r29
     8a2:	cf 91       	pop	r28
     8a4:	bf 91       	pop	r27
     8a6:	af 91       	pop	r26
     8a8:	9f 91       	pop	r25
     8aa:	8f 91       	pop	r24
     8ac:	7f 91       	pop	r23
     8ae:	6f 91       	pop	r22
     8b0:	5f 91       	pop	r21
     8b2:	4f 91       	pop	r20
     8b4:	3f 91       	pop	r19
     8b6:	2f 91       	pop	r18
     8b8:	1f 91       	pop	r17
     8ba:	0f 91       	pop	r16
     8bc:	ff 90       	pop	r15
     8be:	ef 90       	pop	r14
     8c0:	df 90       	pop	r13
     8c2:	cf 90       	pop	r12
     8c4:	bf 90       	pop	r11
     8c6:	af 90       	pop	r10
     8c8:	9f 90       	pop	r9
     8ca:	8f 90       	pop	r8
     8cc:	7f 90       	pop	r7
     8ce:	6f 90       	pop	r6
     8d0:	5f 90       	pop	r5
     8d2:	4f 90       	pop	r4
     8d4:	3f 90       	pop	r3
     8d6:	2f 90       	pop	r2
     8d8:	1f 90       	pop	r1
     8da:	0f 90       	pop	r0
     8dc:	0f be       	out	0x3f, r0	; 63
     8de:	0f 90       	pop	r0
     8e0:	08 95       	ret

000008e2 <__vector_7>:
     8e2:	0e 94 16 04 	call	0x82c	; 0x82c <vPortYieldFromTick>
     8e6:	18 95       	reti

000008e8 <prvUnlockQueue>:
     8e8:	0f 93       	push	r16
     8ea:	1f 93       	push	r17
     8ec:	cf 93       	push	r28
     8ee:	df 93       	push	r29
     8f0:	ec 01       	movw	r28, r24
     8f2:	0f b6       	in	r0, 0x3f	; 63
     8f4:	f8 94       	cli
     8f6:	0f 92       	push	r0
     8f8:	8e 8d       	ldd	r24, Y+30	; 0x1e
     8fa:	18 16       	cp	r1, r24
     8fc:	c4 f4       	brge	.+48     	; 0x92e <.L2>
     8fe:	8e 01       	movw	r16, r28
     900:	0f 5e       	subi	r16, 0xEF	; 239
     902:	1f 4f       	sbci	r17, 0xFF	; 255
     904:	05 c0       	rjmp	.+10     	; 0x910 <.L4>

00000906 <.L3>:
     906:	8e 8d       	ldd	r24, Y+30	; 0x1e
     908:	81 50       	subi	r24, 0x01	; 1
     90a:	8e 8f       	std	Y+30, r24	; 0x1e
     90c:	18 16       	cp	r1, r24
     90e:	7c f4       	brge	.+30     	; 0x92e <.L2>

00000910 <.L4>:
     910:	89 89       	ldd	r24, Y+17	; 0x11
     912:	81 15       	cp	r24, r1
     914:	61 f0       	breq	.+24     	; 0x92e <.L2>
     916:	c8 01       	movw	r24, r16
     918:	0e 94 fc 0b 	call	0x17f8	; 0x17f8 <xTaskRemoveFromEventList>
     91c:	81 15       	cp	r24, r1
     91e:	99 f3       	breq	.-26     	; 0x906 <.L3>
     920:	0e 94 86 0c 	call	0x190c	; 0x190c <vTaskMissedYield>
     924:	8e 8d       	ldd	r24, Y+30	; 0x1e
     926:	81 50       	subi	r24, 0x01	; 1
     928:	8e 8f       	std	Y+30, r24	; 0x1e
     92a:	18 16       	cp	r1, r24
     92c:	8c f3       	brlt	.-30     	; 0x910 <.L4>

0000092e <.L2>:
     92e:	8f ef       	ldi	r24, 0xFF	; 255
     930:	8e 8f       	std	Y+30, r24	; 0x1e
     932:	0f 90       	pop	r0
     934:	0f be       	out	0x3f, r0	; 63
     936:	0f b6       	in	r0, 0x3f	; 63
     938:	f8 94       	cli
     93a:	0f 92       	push	r0
     93c:	8d 8d       	ldd	r24, Y+29	; 0x1d
     93e:	18 16       	cp	r1, r24
     940:	c4 f4       	brge	.+48     	; 0x972 <.L5>
     942:	8e 01       	movw	r16, r28
     944:	08 5f       	subi	r16, 0xF8	; 248
     946:	1f 4f       	sbci	r17, 0xFF	; 255
     948:	05 c0       	rjmp	.+10     	; 0x954 <.L7>

0000094a <.L6>:
     94a:	8d 8d       	ldd	r24, Y+29	; 0x1d
     94c:	81 50       	subi	r24, 0x01	; 1
     94e:	8d 8f       	std	Y+29, r24	; 0x1d
     950:	18 16       	cp	r1, r24
     952:	7c f4       	brge	.+30     	; 0x972 <.L5>

00000954 <.L7>:
     954:	88 85       	ldd	r24, Y+8	; 0x08
     956:	81 15       	cp	r24, r1
     958:	61 f0       	breq	.+24     	; 0x972 <.L5>
     95a:	c8 01       	movw	r24, r16
     95c:	0e 94 fc 0b 	call	0x17f8	; 0x17f8 <xTaskRemoveFromEventList>
     960:	81 15       	cp	r24, r1
     962:	99 f3       	breq	.-26     	; 0x94a <.L6>
     964:	0e 94 86 0c 	call	0x190c	; 0x190c <vTaskMissedYield>
     968:	8d 8d       	ldd	r24, Y+29	; 0x1d
     96a:	81 50       	subi	r24, 0x01	; 1
     96c:	8d 8f       	std	Y+29, r24	; 0x1d
     96e:	18 16       	cp	r1, r24
     970:	8c f3       	brlt	.-30     	; 0x954 <.L7>

00000972 <.L5>:
     972:	8f ef       	ldi	r24, 0xFF	; 255
     974:	8d 8f       	std	Y+29, r24	; 0x1d
     976:	0f 90       	pop	r0
     978:	0f be       	out	0x3f, r0	; 63
     97a:	df 91       	pop	r29
     97c:	cf 91       	pop	r28
     97e:	1f 91       	pop	r17
     980:	0f 91       	pop	r16
     982:	08 95       	ret

00000984 <xQueueCreate>:
     984:	1f 93       	push	r17
     986:	cf 93       	push	r28
     988:	df 93       	push	r29
     98a:	00 d0       	rcall	.+0      	; 0x98c <L0^A>

0000098c <L0^A>:
     98c:	00 d0       	rcall	.+0      	; 0x98e <L0^A>

0000098e <L0^A>:
     98e:	0f 92       	push	r0
     990:	cd b7       	in	r28, 0x3d	; 61
     992:	de b7       	in	r29, 0x3e	; 62
     994:	18 2f       	mov	r17, r24
     996:	69 83       	std	Y+1, r22	; 0x01
     998:	81 15       	cp	r24, r1
     99a:	09 f4       	brne	.+2      	; 0x99e <L0^A+0x2>

0000099c <L0^A>:
     99c:	42 c0       	rjmp	.+132    	; 0xa22 <.L25>
     99e:	8f e1       	ldi	r24, 0x1F	; 31
     9a0:	90 e0       	ldi	r25, 0x00	; 0
     9a2:	0e 94 6a 02 	call	0x4d4	; 0x4d4 <pvPortMalloc>
     9a6:	8c 83       	std	Y+4, r24	; 0x04
     9a8:	9d 83       	std	Y+5, r25	; 0x05
     9aa:	8c 81       	ldd	r24, Y+4	; 0x04
     9ac:	9d 81       	ldd	r25, Y+5	; 0x05
     9ae:	89 2b       	or	r24, r25
     9b0:	c1 f1       	breq	.+112    	; 0xa22 <.L25>
     9b2:	f9 81       	ldd	r31, Y+1	; 0x01
     9b4:	f1 9f       	mul	r31, r17
     9b6:	f0 01       	movw	r30, r0
     9b8:	11 24       	eor	r1, r1
     9ba:	ea 83       	std	Y+2, r30	; 0x02
     9bc:	fb 83       	std	Y+3, r31	; 0x03
     9be:	cf 01       	movw	r24, r30
     9c0:	01 96       	adiw	r24, 0x01	; 1
     9c2:	0e 94 6a 02 	call	0x4d4	; 0x4d4 <pvPortMalloc>
     9c6:	ec 81       	ldd	r30, Y+4	; 0x04
     9c8:	fd 81       	ldd	r31, Y+5	; 0x05
     9ca:	80 83       	st	Z, r24
     9cc:	91 83       	std	Z+1, r25	; 0x01
     9ce:	00 97       	sbiw	r24, 0x00	; 0
     9d0:	21 f1       	breq	.+72     	; 0xa1a <.L27>
     9d2:	2a 81       	ldd	r18, Y+2	; 0x02
     9d4:	3b 81       	ldd	r19, Y+3	; 0x03
     9d6:	28 0f       	add	r18, r24
     9d8:	39 1f       	adc	r19, r25
     9da:	22 83       	std	Z+2, r18	; 0x02
     9dc:	33 83       	std	Z+3, r19	; 0x03
     9de:	12 8e       	std	Z+26, r1	; 0x1a
     9e0:	84 83       	std	Z+4, r24	; 0x04
     9e2:	95 83       	std	Z+5, r25	; 0x05
     9e4:	2a 81       	ldd	r18, Y+2	; 0x02
     9e6:	3b 81       	ldd	r19, Y+3	; 0x03
     9e8:	f9 81       	ldd	r31, Y+1	; 0x01
     9ea:	2f 1b       	sub	r18, r31
     9ec:	31 09       	sbc	r19, r1
     9ee:	82 0f       	add	r24, r18
     9f0:	93 1f       	adc	r25, r19
     9f2:	ec 81       	ldd	r30, Y+4	; 0x04
     9f4:	fd 81       	ldd	r31, Y+5	; 0x05
     9f6:	86 83       	std	Z+6, r24	; 0x06
     9f8:	97 83       	std	Z+7, r25	; 0x07
     9fa:	13 8f       	std	Z+27, r17	; 0x1b
     9fc:	49 81       	ldd	r20, Y+1	; 0x01
     9fe:	44 8f       	std	Z+28, r20	; 0x1c
     a00:	8f ef       	ldi	r24, 0xFF	; 255
     a02:	85 8f       	std	Z+29, r24	; 0x1d
     a04:	86 8f       	std	Z+30, r24	; 0x1e
     a06:	cf 01       	movw	r24, r30
     a08:	08 96       	adiw	r24, 0x08	; 8
     a0a:	0e 94 a8 02 	call	0x550	; 0x550 <vListInitialise>
     a0e:	8c 81       	ldd	r24, Y+4	; 0x04
     a10:	9d 81       	ldd	r25, Y+5	; 0x05
     a12:	41 96       	adiw	r24, 0x11	; 17
     a14:	0e 94 a8 02 	call	0x550	; 0x550 <vListInitialise>
     a18:	06 c0       	rjmp	.+12     	; 0xa26 <.L23>

00000a1a <.L27>:
     a1a:	8c 81       	ldd	r24, Y+4	; 0x04
     a1c:	9d 81       	ldd	r25, Y+5	; 0x05
     a1e:	0e 94 97 02 	call	0x52e	; 0x52e <vPortFree>

00000a22 <.L25>:
     a22:	1c 82       	std	Y+4, r1	; 0x04
     a24:	1d 82       	std	Y+5, r1	; 0x05

00000a26 <.L23>:
     a26:	8c 81       	ldd	r24, Y+4	; 0x04
     a28:	9d 81       	ldd	r25, Y+5	; 0x05
     a2a:	0f 90       	pop	r0
     a2c:	0f 90       	pop	r0
     a2e:	0f 90       	pop	r0
     a30:	0f 90       	pop	r0
     a32:	0f 90       	pop	r0
     a34:	df 91       	pop	r29
     a36:	cf 91       	pop	r28
     a38:	1f 91       	pop	r17
     a3a:	08 95       	ret

00000a3c <xQueueGenericSend>:
     a3c:	0f 93       	push	r16
     a3e:	1f 93       	push	r17
     a40:	cf 93       	push	r28
     a42:	df 93       	push	r29
     a44:	cd b7       	in	r28, 0x3d	; 61
     a46:	de b7       	in	r29, 0x3e	; 62
     a48:	28 97       	sbiw	r28, 0x08	; 8
     a4a:	0f b6       	in	r0, 0x3f	; 63
     a4c:	f8 94       	cli
     a4e:	de bf       	out	0x3e, r29	; 62
     a50:	0f be       	out	0x3f, r0	; 63
     a52:	cd bf       	out	0x3d, r28	; 61
     a54:	8c 01       	movw	r16, r24
     a56:	6e 83       	std	Y+6, r22	; 0x06
     a58:	7f 83       	std	Y+7, r23	; 0x07
     a5a:	4c 83       	std	Y+4, r20	; 0x04
     a5c:	5d 83       	std	Y+5, r21	; 0x05
     a5e:	28 87       	std	Y+8, r18	; 0x08
     a60:	0f b6       	in	r0, 0x3f	; 63
     a62:	f8 94       	cli
     a64:	0f 92       	push	r0
     a66:	fc 01       	movw	r30, r24
     a68:	92 8d       	ldd	r25, Z+26	; 0x1a
     a6a:	83 8d       	ldd	r24, Z+27	; 0x1b
     a6c:	98 17       	cp	r25, r24
     a6e:	08 f4       	brcc	.+2      	; 0xa72 <L0^A+0x2>

00000a70 <L0^A>:
     a70:	53 c0       	rjmp	.+166    	; 0xb18 <.L36>
     a72:	8c 81       	ldd	r24, Y+4	; 0x04
     a74:	9d 81       	ldd	r25, Y+5	; 0x05
     a76:	89 2b       	or	r24, r25
     a78:	09 f4       	brne	.+2      	; 0xa7c <L0^A+0x2>

00000a7a <L0^A>:
     a7a:	67 c0       	rjmp	.+206    	; 0xb4a <.L37>
     a7c:	ce 01       	movw	r24, r28
     a7e:	01 96       	adiw	r24, 0x01	; 1
     a80:	0e 94 41 0c 	call	0x1882	; 0x1882 <vTaskSetTimeOutState>
     a84:	13 c0       	rjmp	.+38     	; 0xaac <.L38>

00000a86 <.L50>:
     a86:	c8 01       	movw	r24, r16
     a88:	0e 94 74 04 	call	0x8e8	; 0x8e8 <prvUnlockQueue>
     a8c:	0e 94 70 0a 	call	0x14e0	; 0x14e0 <xTaskResumeAll>

00000a90 <.L51>:
     a90:	0f b6       	in	r0, 0x3f	; 63
     a92:	f8 94       	cli
     a94:	0f 92       	push	r0
     a96:	f8 01       	movw	r30, r16
     a98:	92 8d       	ldd	r25, Z+26	; 0x1a
     a9a:	83 8d       	ldd	r24, Z+27	; 0x1b
     a9c:	98 17       	cp	r25, r24
     a9e:	08 f4       	brcc	.+2      	; 0xaa2 <L0^A+0x2>

00000aa0 <L0^A>:
     aa0:	3b c0       	rjmp	.+118    	; 0xb18 <.L36>
     aa2:	8c 81       	ldd	r24, Y+4	; 0x04
     aa4:	9d 81       	ldd	r25, Y+5	; 0x05
     aa6:	89 2b       	or	r24, r25
     aa8:	09 f4       	brne	.+2      	; 0xaac <.L38>

00000aaa <L0^A>:
     aaa:	4f c0       	rjmp	.+158    	; 0xb4a <.L37>

00000aac <.L38>:
     aac:	0f 90       	pop	r0
     aae:	0f be       	out	0x3f, r0	; 63
     ab0:	0e 94 9c 09 	call	0x1338	; 0x1338 <vTaskSuspendAll>
     ab4:	0f b6       	in	r0, 0x3f	; 63
     ab6:	f8 94       	cli
     ab8:	0f 92       	push	r0
     aba:	f8 01       	movw	r30, r16
     abc:	85 8d       	ldd	r24, Z+29	; 0x1d
     abe:	8f 3f       	cpi	r24, 0xFF	; 255
     ac0:	09 f4       	brne	.+2      	; 0xac4 <.L47>
     ac2:	15 8e       	std	Z+29, r1	; 0x1d

00000ac4 <.L47>:
     ac4:	f8 01       	movw	r30, r16
     ac6:	86 8d       	ldd	r24, Z+30	; 0x1e
     ac8:	8f 3f       	cpi	r24, 0xFF	; 255
     aca:	09 f4       	brne	.+2      	; 0xace <.L48>
     acc:	16 8e       	std	Z+30, r1	; 0x1e

00000ace <.L48>:
     ace:	0f 90       	pop	r0
     ad0:	0f be       	out	0x3f, r0	; 63
     ad2:	be 01       	movw	r22, r28
     ad4:	6c 5f       	subi	r22, 0xFC	; 252
     ad6:	7f 4f       	sbci	r23, 0xFF	; 255
     ad8:	ce 01       	movw	r24, r28
     ada:	01 96       	adiw	r24, 0x01	; 1
     adc:	0e 94 4c 0c 	call	0x1898	; 0x1898 <xTaskCheckForTimeOut>
     ae0:	81 11       	cpse	r24, r1
     ae2:	37 c0       	rjmp	.+110    	; 0xb52 <.L49>
     ae4:	0f b6       	in	r0, 0x3f	; 63
     ae6:	f8 94       	cli
     ae8:	0f 92       	push	r0
     aea:	f8 01       	movw	r30, r16
     aec:	92 8d       	ldd	r25, Z+26	; 0x1a
     aee:	0f 90       	pop	r0
     af0:	0f be       	out	0x3f, r0	; 63
     af2:	83 8d       	ldd	r24, Z+27	; 0x1b
     af4:	98 13       	cpse	r25, r24
     af6:	c7 cf       	rjmp	.-114    	; 0xa86 <.L50>
     af8:	6c 81       	ldd	r22, Y+4	; 0x04
     afa:	7d 81       	ldd	r23, Y+5	; 0x05
     afc:	c8 01       	movw	r24, r16
     afe:	08 96       	adiw	r24, 0x08	; 8
     b00:	0e 94 d8 0b 	call	0x17b0	; 0x17b0 <vTaskPlaceOnEventList>
     b04:	c8 01       	movw	r24, r16
     b06:	0e 94 74 04 	call	0x8e8	; 0x8e8 <prvUnlockQueue>
     b0a:	0e 94 70 0a 	call	0x14e0	; 0x14e0 <xTaskResumeAll>
     b0e:	81 11       	cpse	r24, r1
     b10:	bf cf       	rjmp	.-130    	; 0xa90 <.L51>
     b12:	0e 94 bd 03 	call	0x77a	; 0x77a <vPortYield>
     b16:	bc cf       	rjmp	.-136    	; 0xa90 <.L51>

00000b18 <.L36>:
     b18:	f8 01       	movw	r30, r16
     b1a:	44 8d       	ldd	r20, Z+28	; 0x1c
     b1c:	41 11       	cpse	r20, r1
     b1e:	20 c0       	rjmp	.+64     	; 0xb60 <.L59>

00000b20 <.L39>:
     b20:	f8 01       	movw	r30, r16
     b22:	82 8d       	ldd	r24, Z+26	; 0x1a
     b24:	8f 5f       	subi	r24, 0xFF	; 255
     b26:	82 8f       	std	Z+26, r24	; 0x1a
     b28:	81 89       	ldd	r24, Z+17	; 0x11
     b2a:	81 11       	cpse	r24, r1
     b2c:	36 c0       	rjmp	.+108    	; 0xb9a <.L60>

00000b2e <.L42>:
     b2e:	0f 90       	pop	r0
     b30:	0f be       	out	0x3f, r0	; 63
     b32:	81 e0       	ldi	r24, 0x01	; 1

00000b34 <.L32>:
     b34:	28 96       	adiw	r28, 0x08	; 8
     b36:	0f b6       	in	r0, 0x3f	; 63
     b38:	f8 94       	cli
     b3a:	de bf       	out	0x3e, r29	; 62
     b3c:	0f be       	out	0x3f, r0	; 63
     b3e:	cd bf       	out	0x3d, r28	; 61
     b40:	df 91       	pop	r29
     b42:	cf 91       	pop	r28
     b44:	1f 91       	pop	r17
     b46:	0f 91       	pop	r16
     b48:	08 95       	ret

00000b4a <.L37>:
     b4a:	0f 90       	pop	r0
     b4c:	0f be       	out	0x3f, r0	; 63
     b4e:	80 e0       	ldi	r24, 0x00	; 0
     b50:	f1 cf       	rjmp	.-30     	; 0xb34 <.L32>

00000b52 <.L49>:
     b52:	c8 01       	movw	r24, r16
     b54:	0e 94 74 04 	call	0x8e8	; 0x8e8 <prvUnlockQueue>
     b58:	0e 94 70 0a 	call	0x14e0	; 0x14e0 <xTaskResumeAll>
     b5c:	80 e0       	ldi	r24, 0x00	; 0
     b5e:	ea cf       	rjmp	.-44     	; 0xb34 <.L32>

00000b60 <.L59>:
     b60:	50 e0       	ldi	r21, 0x00	; 0
     b62:	f8 85       	ldd	r31, Y+8	; 0x08
     b64:	6e 81       	ldd	r22, Y+6	; 0x06
     b66:	7f 81       	ldd	r23, Y+7	; 0x07
     b68:	f1 11       	cpse	r31, r1
     b6a:	21 c0       	rjmp	.+66     	; 0xbae <.L40>
     b6c:	f8 01       	movw	r30, r16
     b6e:	84 81       	ldd	r24, Z+4	; 0x04
     b70:	95 81       	ldd	r25, Z+5	; 0x05
     b72:	0e 94 9a 15 	call	0x2b34	; 0x2b34 <memcpy>
     b76:	f8 01       	movw	r30, r16
     b78:	24 8d       	ldd	r18, Z+28	; 0x1c
     b7a:	84 81       	ldd	r24, Z+4	; 0x04
     b7c:	95 81       	ldd	r25, Z+5	; 0x05
     b7e:	82 0f       	add	r24, r18
     b80:	91 1d       	adc	r25, r1
     b82:	84 83       	std	Z+4, r24	; 0x04
     b84:	95 83       	std	Z+5, r25	; 0x05
     b86:	22 81       	ldd	r18, Z+2	; 0x02
     b88:	33 81       	ldd	r19, Z+3	; 0x03
     b8a:	82 17       	cp	r24, r18
     b8c:	93 07       	cpc	r25, r19
     b8e:	40 f2       	brcs	.-112    	; 0xb20 <.L39>
     b90:	80 81       	ld	r24, Z
     b92:	91 81       	ldd	r25, Z+1	; 0x01
     b94:	84 83       	std	Z+4, r24	; 0x04
     b96:	95 83       	std	Z+5, r25	; 0x05
     b98:	c3 cf       	rjmp	.-122    	; 0xb20 <.L39>

00000b9a <.L60>:
     b9a:	c8 01       	movw	r24, r16
     b9c:	41 96       	adiw	r24, 0x11	; 17
     b9e:	0e 94 fc 0b 	call	0x17f8	; 0x17f8 <xTaskRemoveFromEventList>
     ba2:	81 30       	cpi	r24, 0x01	; 1
     ba4:	09 f0       	breq	.+2      	; 0xba8 <L0^A+0x2>

00000ba6 <L0^A>:
     ba6:	c3 cf       	rjmp	.-122    	; 0xb2e <.L42>
     ba8:	0e 94 bd 03 	call	0x77a	; 0x77a <vPortYield>
     bac:	c0 cf       	rjmp	.-128    	; 0xb2e <.L42>

00000bae <.L40>:
     bae:	f8 01       	movw	r30, r16
     bb0:	86 81       	ldd	r24, Z+6	; 0x06
     bb2:	97 81       	ldd	r25, Z+7	; 0x07
     bb4:	0e 94 9a 15 	call	0x2b34	; 0x2b34 <memcpy>
     bb8:	f8 01       	movw	r30, r16
     bba:	24 8d       	ldd	r18, Z+28	; 0x1c
     bbc:	30 e0       	ldi	r19, 0x00	; 0
     bbe:	86 81       	ldd	r24, Z+6	; 0x06
     bc0:	97 81       	ldd	r25, Z+7	; 0x07
     bc2:	82 1b       	sub	r24, r18
     bc4:	93 0b       	sbc	r25, r19
     bc6:	86 83       	std	Z+6, r24	; 0x06
     bc8:	97 83       	std	Z+7, r25	; 0x07
     bca:	40 81       	ld	r20, Z
     bcc:	51 81       	ldd	r21, Z+1	; 0x01
     bce:	84 17       	cp	r24, r20
     bd0:	95 07       	cpc	r25, r21
     bd2:	08 f0       	brcs	.+2      	; 0xbd6 <L0^A+0x2>

00000bd4 <L0^A>:
     bd4:	a5 cf       	rjmp	.-182    	; 0xb20 <.L39>
     bd6:	82 81       	ldd	r24, Z+2	; 0x02
     bd8:	93 81       	ldd	r25, Z+3	; 0x03
     bda:	82 1b       	sub	r24, r18
     bdc:	93 0b       	sbc	r25, r19
     bde:	86 83       	std	Z+6, r24	; 0x06
     be0:	97 83       	std	Z+7, r25	; 0x07
     be2:	9e cf       	rjmp	.-196    	; 0xb20 <.L39>

00000be4 <xQueueGenericSendFromISR>:
     be4:	cf 93       	push	r28
     be6:	df 93       	push	r29
     be8:	00 d0       	rcall	.+0      	; 0xbea <L0^A>

00000bea <L0^A>:
     bea:	00 d0       	rcall	.+0      	; 0xbec <L0^A>

00000bec <L0^A>:
     bec:	cd b7       	in	r28, 0x3d	; 61
     bee:	de b7       	in	r29, 0x3e	; 62
     bf0:	8b 83       	std	Y+3, r24	; 0x03
     bf2:	9c 83       	std	Y+4, r25	; 0x04
     bf4:	49 83       	std	Y+1, r20	; 0x01
     bf6:	5a 83       	std	Y+2, r21	; 0x02
     bf8:	eb 81       	ldd	r30, Y+3	; 0x03
     bfa:	fc 81       	ldd	r31, Y+4	; 0x04
     bfc:	92 8d       	ldd	r25, Z+26	; 0x1a
     bfe:	83 8d       	ldd	r24, Z+27	; 0x1b
     c00:	98 17       	cp	r25, r24
     c02:	40 f0       	brcs	.+16     	; 0xc14 <.L75>
     c04:	80 e0       	ldi	r24, 0x00	; 0
     c06:	0f 90       	pop	r0
     c08:	0f 90       	pop	r0
     c0a:	0f 90       	pop	r0
     c0c:	0f 90       	pop	r0
     c0e:	df 91       	pop	r29
     c10:	cf 91       	pop	r28
     c12:	08 95       	ret

00000c14 <.L75>:
     c14:	44 8d       	ldd	r20, Z+28	; 0x1c
     c16:	41 11       	cpse	r20, r1
     c18:	14 c0       	rjmp	.+40     	; 0xc42 <.L76>

00000c1a <.L64>:
     c1a:	eb 81       	ldd	r30, Y+3	; 0x03
     c1c:	fc 81       	ldd	r31, Y+4	; 0x04
     c1e:	82 8d       	ldd	r24, Z+26	; 0x1a
     c20:	8f 5f       	subi	r24, 0xFF	; 255
     c22:	82 8f       	std	Z+26, r24	; 0x1a
     c24:	86 8d       	ldd	r24, Z+30	; 0x1e
     c26:	8f 3f       	cpi	r24, 0xFF	; 255
     c28:	31 f1       	breq	.+76     	; 0xc76 <.L77>
     c2a:	8f 5f       	subi	r24, 0xFF	; 255
     c2c:	eb 81       	ldd	r30, Y+3	; 0x03
     c2e:	fc 81       	ldd	r31, Y+4	; 0x04
     c30:	86 8f       	std	Z+30, r24	; 0x1e

00000c32 <.L69>:
     c32:	81 e0       	ldi	r24, 0x01	; 1

00000c34 <.L78>:
     c34:	0f 90       	pop	r0
     c36:	0f 90       	pop	r0
     c38:	0f 90       	pop	r0
     c3a:	0f 90       	pop	r0
     c3c:	df 91       	pop	r29
     c3e:	cf 91       	pop	r28
     c40:	08 95       	ret

00000c42 <.L76>:
     c42:	50 e0       	ldi	r21, 0x00	; 0
     c44:	21 11       	cpse	r18, r1
     c46:	26 c0       	rjmp	.+76     	; 0xc94 <.L65>
     c48:	84 81       	ldd	r24, Z+4	; 0x04
     c4a:	95 81       	ldd	r25, Z+5	; 0x05
     c4c:	0e 94 9a 15 	call	0x2b34	; 0x2b34 <memcpy>
     c50:	eb 81       	ldd	r30, Y+3	; 0x03
     c52:	fc 81       	ldd	r31, Y+4	; 0x04
     c54:	24 8d       	ldd	r18, Z+28	; 0x1c
     c56:	84 81       	ldd	r24, Z+4	; 0x04
     c58:	95 81       	ldd	r25, Z+5	; 0x05
     c5a:	82 0f       	add	r24, r18
     c5c:	91 1d       	adc	r25, r1
     c5e:	84 83       	std	Z+4, r24	; 0x04
     c60:	95 83       	std	Z+5, r25	; 0x05
     c62:	22 81       	ldd	r18, Z+2	; 0x02
     c64:	33 81       	ldd	r19, Z+3	; 0x03
     c66:	82 17       	cp	r24, r18
     c68:	93 07       	cpc	r25, r19
     c6a:	b8 f2       	brcs	.-82     	; 0xc1a <.L64>
     c6c:	80 81       	ld	r24, Z
     c6e:	91 81       	ldd	r25, Z+1	; 0x01
     c70:	84 83       	std	Z+4, r24	; 0x04
     c72:	95 83       	std	Z+5, r25	; 0x05
     c74:	d2 cf       	rjmp	.-92     	; 0xc1a <.L64>

00000c76 <.L77>:
     c76:	81 89       	ldd	r24, Z+17	; 0x11
     c78:	81 15       	cp	r24, r1
     c7a:	d9 f2       	breq	.-74     	; 0xc32 <.L69>
     c7c:	cf 01       	movw	r24, r30
     c7e:	41 96       	adiw	r24, 0x11	; 17
     c80:	0e 94 fc 0b 	call	0x17f8	; 0x17f8 <xTaskRemoveFromEventList>
     c84:	81 15       	cp	r24, r1
     c86:	a9 f2       	breq	.-86     	; 0xc32 <.L69>
     c88:	81 e0       	ldi	r24, 0x01	; 1
     c8a:	e9 81       	ldd	r30, Y+1	; 0x01
     c8c:	fa 81       	ldd	r31, Y+2	; 0x02
     c8e:	80 83       	st	Z, r24
     c90:	81 e0       	ldi	r24, 0x01	; 1
     c92:	d0 cf       	rjmp	.-96     	; 0xc34 <.L78>

00000c94 <.L65>:
     c94:	eb 81       	ldd	r30, Y+3	; 0x03
     c96:	fc 81       	ldd	r31, Y+4	; 0x04
     c98:	86 81       	ldd	r24, Z+6	; 0x06
     c9a:	97 81       	ldd	r25, Z+7	; 0x07
     c9c:	0e 94 9a 15 	call	0x2b34	; 0x2b34 <memcpy>
     ca0:	eb 81       	ldd	r30, Y+3	; 0x03
     ca2:	fc 81       	ldd	r31, Y+4	; 0x04
     ca4:	24 8d       	ldd	r18, Z+28	; 0x1c
     ca6:	30 e0       	ldi	r19, 0x00	; 0
     ca8:	86 81       	ldd	r24, Z+6	; 0x06
     caa:	97 81       	ldd	r25, Z+7	; 0x07
     cac:	82 1b       	sub	r24, r18
     cae:	93 0b       	sbc	r25, r19
     cb0:	86 83       	std	Z+6, r24	; 0x06
     cb2:	97 83       	std	Z+7, r25	; 0x07
     cb4:	40 81       	ld	r20, Z
     cb6:	51 81       	ldd	r21, Z+1	; 0x01
     cb8:	84 17       	cp	r24, r20
     cba:	95 07       	cpc	r25, r21
     cbc:	08 f0       	brcs	.+2      	; 0xcc0 <L0^A+0x2>

00000cbe <L0^A>:
     cbe:	ad cf       	rjmp	.-166    	; 0xc1a <.L64>
     cc0:	82 81       	ldd	r24, Z+2	; 0x02
     cc2:	93 81       	ldd	r25, Z+3	; 0x03
     cc4:	82 1b       	sub	r24, r18
     cc6:	93 0b       	sbc	r25, r19
     cc8:	86 83       	std	Z+6, r24	; 0x06
     cca:	97 83       	std	Z+7, r25	; 0x07
     ccc:	a6 cf       	rjmp	.-180    	; 0xc1a <.L64>

00000cce <xQueueGenericReceive>:
     cce:	ef 92       	push	r14
     cd0:	ff 92       	push	r15
     cd2:	0f 93       	push	r16
     cd4:	1f 93       	push	r17
     cd6:	cf 93       	push	r28
     cd8:	df 93       	push	r29
     cda:	cd b7       	in	r28, 0x3d	; 61
     cdc:	de b7       	in	r29, 0x3e	; 62
     cde:	28 97       	sbiw	r28, 0x08	; 8
     ce0:	0f b6       	in	r0, 0x3f	; 63
     ce2:	f8 94       	cli
     ce4:	de bf       	out	0x3e, r29	; 62
     ce6:	0f be       	out	0x3f, r0	; 63
     ce8:	cd bf       	out	0x3d, r28	; 61
     cea:	8c 01       	movw	r16, r24
     cec:	6f 83       	std	Y+7, r22	; 0x07
     cee:	78 87       	std	Y+8, r23	; 0x08
     cf0:	4c 83       	std	Y+4, r20	; 0x04
     cf2:	5d 83       	std	Y+5, r21	; 0x05
     cf4:	2e 83       	std	Y+6, r18	; 0x06
     cf6:	0f b6       	in	r0, 0x3f	; 63
     cf8:	f8 94       	cli
     cfa:	0f 92       	push	r0
     cfc:	fc 01       	movw	r30, r24
     cfe:	82 8d       	ldd	r24, Z+26	; 0x1a
     d00:	81 11       	cpse	r24, r1
     d02:	56 c0       	rjmp	.+172    	; 0xdb0 <.L83>
     d04:	8c 81       	ldd	r24, Y+4	; 0x04
     d06:	9d 81       	ldd	r25, Y+5	; 0x05
     d08:	89 2b       	or	r24, r25
     d0a:	09 f4       	brne	.+2      	; 0xd0e <L0^A+0x2>

00000d0c <L0^A>:
     d0c:	7c c0       	rjmp	.+248    	; 0xe06 <.L84>
     d0e:	ce 01       	movw	r24, r28
     d10:	01 96       	adiw	r24, 0x01	; 1
     d12:	0e 94 41 0c 	call	0x1882	; 0x1882 <vTaskSetTimeOutState>
     d16:	78 01       	movw	r14, r16
     d18:	f1 e1       	ldi	r31, 0x11	; 17
     d1a:	ef 0e       	add	r14, r31
     d1c:	f1 1c       	adc	r15, r1
     d1e:	19 c0       	rjmp	.+50     	; 0xd52 <.L85>

00000d20 <.L107>:
     d20:	6c 81       	ldd	r22, Y+4	; 0x04
     d22:	7d 81       	ldd	r23, Y+5	; 0x05
     d24:	c7 01       	movw	r24, r14
     d26:	0e 94 d8 0b 	call	0x17b0	; 0x17b0 <vTaskPlaceOnEventList>
     d2a:	c8 01       	movw	r24, r16
     d2c:	0e 94 74 04 	call	0x8e8	; 0x8e8 <prvUnlockQueue>
     d30:	0e 94 70 0a 	call	0x14e0	; 0x14e0 <xTaskResumeAll>
     d34:	81 15       	cp	r24, r1
     d36:	09 f4       	brne	.+2      	; 0xd3a <.L99>

00000d38 <L0^A>:
     d38:	38 c0       	rjmp	.+112    	; 0xdaa <.L106>

00000d3a <.L99>:
     d3a:	0f b6       	in	r0, 0x3f	; 63
     d3c:	f8 94       	cli
     d3e:	0f 92       	push	r0
     d40:	f8 01       	movw	r30, r16
     d42:	82 8d       	ldd	r24, Z+26	; 0x1a
     d44:	81 11       	cpse	r24, r1
     d46:	34 c0       	rjmp	.+104    	; 0xdb0 <.L83>
     d48:	8c 81       	ldd	r24, Y+4	; 0x04
     d4a:	9d 81       	ldd	r25, Y+5	; 0x05
     d4c:	89 2b       	or	r24, r25
     d4e:	09 f4       	brne	.+2      	; 0xd52 <.L85>

00000d50 <L0^A>:
     d50:	5a c0       	rjmp	.+180    	; 0xe06 <.L84>

00000d52 <.L85>:
     d52:	0f 90       	pop	r0
     d54:	0f be       	out	0x3f, r0	; 63
     d56:	0e 94 9c 09 	call	0x1338	; 0x1338 <vTaskSuspendAll>
     d5a:	0f b6       	in	r0, 0x3f	; 63
     d5c:	f8 94       	cli
     d5e:	0f 92       	push	r0
     d60:	f8 01       	movw	r30, r16
     d62:	85 8d       	ldd	r24, Z+29	; 0x1d
     d64:	8f 3f       	cpi	r24, 0xFF	; 255
     d66:	09 f4       	brne	.+2      	; 0xd6a <.L95>
     d68:	15 8e       	std	Z+29, r1	; 0x1d

00000d6a <.L95>:
     d6a:	f8 01       	movw	r30, r16
     d6c:	86 8d       	ldd	r24, Z+30	; 0x1e
     d6e:	8f 3f       	cpi	r24, 0xFF	; 255
     d70:	09 f4       	brne	.+2      	; 0xd74 <.L96>
     d72:	16 8e       	std	Z+30, r1	; 0x1e

00000d74 <.L96>:
     d74:	0f 90       	pop	r0
     d76:	0f be       	out	0x3f, r0	; 63
     d78:	be 01       	movw	r22, r28
     d7a:	6c 5f       	subi	r22, 0xFC	; 252
     d7c:	7f 4f       	sbci	r23, 0xFF	; 255
     d7e:	ce 01       	movw	r24, r28
     d80:	01 96       	adiw	r24, 0x01	; 1
     d82:	0e 94 4c 0c 	call	0x1898	; 0x1898 <xTaskCheckForTimeOut>
     d86:	81 11       	cpse	r24, r1
     d88:	4e c0       	rjmp	.+156    	; 0xe26 <.L97>
     d8a:	0f b6       	in	r0, 0x3f	; 63
     d8c:	f8 94       	cli
     d8e:	0f 92       	push	r0
     d90:	f8 01       	movw	r30, r16
     d92:	82 8d       	ldd	r24, Z+26	; 0x1a
     d94:	0f 90       	pop	r0
     d96:	0f be       	out	0x3f, r0	; 63
     d98:	81 15       	cp	r24, r1
     d9a:	09 f4       	brne	.+2      	; 0xd9e <L0^A+0x2>

00000d9c <L0^A>:
     d9c:	c1 cf       	rjmp	.-126    	; 0xd20 <.L107>
     d9e:	c8 01       	movw	r24, r16
     da0:	0e 94 74 04 	call	0x8e8	; 0x8e8 <prvUnlockQueue>
     da4:	0e 94 70 0a 	call	0x14e0	; 0x14e0 <xTaskResumeAll>
     da8:	c8 cf       	rjmp	.-112    	; 0xd3a <.L99>

00000daa <.L106>:
     daa:	0e 94 bd 03 	call	0x77a	; 0x77a <vPortYield>
     dae:	c5 cf       	rjmp	.-118    	; 0xd3a <.L99>

00000db0 <.L83>:
     db0:	f8 01       	movw	r30, r16
     db2:	e6 80       	ldd	r14, Z+6	; 0x06
     db4:	f7 80       	ldd	r15, Z+7	; 0x07
     db6:	80 81       	ld	r24, Z
     db8:	91 81       	ldd	r25, Z+1	; 0x01
     dba:	00 97       	sbiw	r24, 0x00	; 0
     dbc:	89 f0       	breq	.+34     	; 0xde0 <.L82>
     dbe:	24 8d       	ldd	r18, Z+28	; 0x1c
     dc0:	42 2f       	mov	r20, r18
     dc2:	50 e0       	ldi	r21, 0x00	; 0
     dc4:	b7 01       	movw	r22, r14
     dc6:	62 0f       	add	r22, r18
     dc8:	71 1d       	adc	r23, r1
     dca:	66 83       	std	Z+6, r22	; 0x06
     dcc:	77 83       	std	Z+7, r23	; 0x07
     dce:	22 81       	ldd	r18, Z+2	; 0x02
     dd0:	33 81       	ldd	r19, Z+3	; 0x03
     dd2:	62 17       	cp	r22, r18
     dd4:	73 07       	cpc	r23, r19
     dd6:	b8 f5       	brcc	.+110    	; 0xe46 <.L108>

00000dd8 <.L86>:
     dd8:	8f 81       	ldd	r24, Y+7	; 0x07
     dda:	98 85       	ldd	r25, Y+8	; 0x08
     ddc:	0e 94 9a 15 	call	0x2b34	; 0x2b34 <memcpy>

00000de0 <.L82>:
     de0:	fe 81       	ldd	r31, Y+6	; 0x06
     de2:	f1 11       	cpse	r31, r1
     de4:	26 c0       	rjmp	.+76     	; 0xe32 <.L87>
     de6:	f8 01       	movw	r30, r16
     de8:	82 8d       	ldd	r24, Z+26	; 0x1a
     dea:	81 50       	subi	r24, 0x01	; 1
     dec:	82 8f       	std	Z+26, r24	; 0x1a
     dee:	80 85       	ldd	r24, Z+8	; 0x08
     df0:	81 15       	cp	r24, r1
     df2:	29 f1       	breq	.+74     	; 0xe3e <.L89>
     df4:	c8 01       	movw	r24, r16
     df6:	08 96       	adiw	r24, 0x08	; 8
     df8:	0e 94 fc 0b 	call	0x17f8	; 0x17f8 <xTaskRemoveFromEventList>
     dfc:	81 30       	cpi	r24, 0x01	; 1
     dfe:	f9 f4       	brne	.+62     	; 0xe3e <.L89>

00000e00 <.L91>:
     e00:	0e 94 bd 03 	call	0x77a	; 0x77a <vPortYield>
     e04:	1c c0       	rjmp	.+56     	; 0xe3e <.L89>

00000e06 <.L84>:
     e06:	0f 90       	pop	r0
     e08:	0f be       	out	0x3f, r0	; 63

00000e0a <.L94>:
     e0a:	80 e0       	ldi	r24, 0x00	; 0

00000e0c <.L79>:
     e0c:	28 96       	adiw	r28, 0x08	; 8
     e0e:	0f b6       	in	r0, 0x3f	; 63
     e10:	f8 94       	cli
     e12:	de bf       	out	0x3e, r29	; 62
     e14:	0f be       	out	0x3f, r0	; 63
     e16:	cd bf       	out	0x3d, r28	; 61
     e18:	df 91       	pop	r29
     e1a:	cf 91       	pop	r28
     e1c:	1f 91       	pop	r17
     e1e:	0f 91       	pop	r16
     e20:	ff 90       	pop	r15
     e22:	ef 90       	pop	r14
     e24:	08 95       	ret

00000e26 <.L97>:
     e26:	c8 01       	movw	r24, r16
     e28:	0e 94 74 04 	call	0x8e8	; 0x8e8 <prvUnlockQueue>
     e2c:	0e 94 70 0a 	call	0x14e0	; 0x14e0 <xTaskResumeAll>
     e30:	ec cf       	rjmp	.-40     	; 0xe0a <.L94>

00000e32 <.L87>:
     e32:	f8 01       	movw	r30, r16
     e34:	e6 82       	std	Z+6, r14	; 0x06
     e36:	f7 82       	std	Z+7, r15	; 0x07
     e38:	81 89       	ldd	r24, Z+17	; 0x11
     e3a:	81 11       	cpse	r24, r1
     e3c:	08 c0       	rjmp	.+16     	; 0xe4e <.L109>

00000e3e <.L89>:
     e3e:	0f 90       	pop	r0
     e40:	0f be       	out	0x3f, r0	; 63
     e42:	81 e0       	ldi	r24, 0x01	; 1
     e44:	e3 cf       	rjmp	.-58     	; 0xe0c <.L79>

00000e46 <.L108>:
     e46:	86 83       	std	Z+6, r24	; 0x06
     e48:	97 83       	std	Z+7, r25	; 0x07
     e4a:	bc 01       	movw	r22, r24
     e4c:	c5 cf       	rjmp	.-118    	; 0xdd8 <.L86>

00000e4e <.L109>:
     e4e:	c8 01       	movw	r24, r16
     e50:	41 96       	adiw	r24, 0x11	; 17
     e52:	0e 94 fc 0b 	call	0x17f8	; 0x17f8 <xTaskRemoveFromEventList>
     e56:	81 15       	cp	r24, r1
     e58:	91 f3       	breq	.-28     	; 0xe3e <.L89>
     e5a:	d2 cf       	rjmp	.-92     	; 0xe00 <.L91>

00000e5c <xQueueReceiveFromISR>:
     e5c:	cf 93       	push	r28
     e5e:	df 93       	push	r29
     e60:	00 d0       	rcall	.+0      	; 0xe62 <L0^A>

00000e62 <L0^A>:
     e62:	00 d0       	rcall	.+0      	; 0xe64 <L0^A>

00000e64 <L0^A>:
     e64:	cd b7       	in	r28, 0x3d	; 61
     e66:	de b7       	in	r29, 0x3e	; 62
     e68:	8b 83       	std	Y+3, r24	; 0x03
     e6a:	9c 83       	std	Y+4, r25	; 0x04
     e6c:	9b 01       	movw	r18, r22
     e6e:	49 83       	std	Y+1, r20	; 0x01
     e70:	5a 83       	std	Y+2, r21	; 0x02
     e72:	ab 81       	ldd	r26, Y+3	; 0x03
     e74:	bc 81       	ldd	r27, Y+4	; 0x04
     e76:	5a 96       	adiw	r26, 0x1a	; 26
     e78:	9c 91       	ld	r25, X
     e7a:	5a 97       	sbiw	r26, 0x1a	; 26
     e7c:	80 e0       	ldi	r24, 0x00	; 0
     e7e:	91 11       	cpse	r25, r1
     e80:	07 c0       	rjmp	.+14     	; 0xe90 <.L125>
     e82:	0f 90       	pop	r0
     e84:	0f 90       	pop	r0
     e86:	0f 90       	pop	r0
     e88:	0f 90       	pop	r0
     e8a:	df 91       	pop	r29
     e8c:	cf 91       	pop	r28
     e8e:	08 95       	ret

00000e90 <.L125>:
     e90:	8d 91       	ld	r24, X+
     e92:	9d 91       	ld	r25, X+
     e94:	12 97       	sbiw	r26, 0x02	; 2
     e96:	00 97       	sbiw	r24, 0x00	; 0
     e98:	b1 f0       	breq	.+44     	; 0xec6 <.L112>
     e9a:	5c 96       	adiw	r26, 0x1c	; 28
     e9c:	5c 91       	ld	r21, X
     e9e:	e5 2f       	mov	r30, r21
     ea0:	f0 e0       	ldi	r31, 0x00	; 0
     ea2:	56 97       	sbiw	r26, 0x16	; 22
     ea4:	6d 91       	ld	r22, X+
     ea6:	7d 91       	ld	r23, X+
     ea8:	65 0f       	add	r22, r21
     eaa:	71 1d       	adc	r23, r1
     eac:	7e 93       	st	-X, r23
     eae:	6e 93       	st	-X, r22
     eb0:	14 97       	sbiw	r26, 0x04	; 4
     eb2:	4d 91       	ld	r20, X+
     eb4:	5d 91       	ld	r21, X+
     eb6:	14 97       	sbiw	r26, 0x04	; 4
     eb8:	64 17       	cp	r22, r20
     eba:	75 07       	cpc	r23, r21
     ebc:	c0 f4       	brcc	.+48     	; 0xeee <.L126>

00000ebe <.L113>:
     ebe:	af 01       	movw	r20, r30
     ec0:	c9 01       	movw	r24, r18
     ec2:	0e 94 9a 15 	call	0x2b34	; 0x2b34 <memcpy>

00000ec6 <.L112>:
     ec6:	eb 81       	ldd	r30, Y+3	; 0x03
     ec8:	fc 81       	ldd	r31, Y+4	; 0x04
     eca:	82 8d       	ldd	r24, Z+26	; 0x1a
     ecc:	81 50       	subi	r24, 0x01	; 1
     ece:	82 8f       	std	Z+26, r24	; 0x1a
     ed0:	85 8d       	ldd	r24, Z+29	; 0x1d
     ed2:	8f 3f       	cpi	r24, 0xFF	; 255
     ed4:	89 f0       	breq	.+34     	; 0xef8 <.L127>
     ed6:	8f 5f       	subi	r24, 0xFF	; 255
     ed8:	eb 81       	ldd	r30, Y+3	; 0x03
     eda:	fc 81       	ldd	r31, Y+4	; 0x04
     edc:	85 8f       	std	Z+29, r24	; 0x1d

00000ede <.L116>:
     ede:	81 e0       	ldi	r24, 0x01	; 1

00000ee0 <.L128>:
     ee0:	0f 90       	pop	r0
     ee2:	0f 90       	pop	r0
     ee4:	0f 90       	pop	r0
     ee6:	0f 90       	pop	r0
     ee8:	df 91       	pop	r29
     eea:	cf 91       	pop	r28
     eec:	08 95       	ret

00000eee <.L126>:
     eee:	16 96       	adiw	r26, 0x06	; 6
     ef0:	8d 93       	st	X+, r24
     ef2:	9d 93       	st	X+, r25
     ef4:	bc 01       	movw	r22, r24
     ef6:	e3 cf       	rjmp	.-58     	; 0xebe <.L113>

00000ef8 <.L127>:
     ef8:	80 85       	ldd	r24, Z+8	; 0x08
     efa:	81 15       	cp	r24, r1
     efc:	81 f3       	breq	.-32     	; 0xede <.L116>
     efe:	cf 01       	movw	r24, r30
     f00:	08 96       	adiw	r24, 0x08	; 8
     f02:	0e 94 fc 0b 	call	0x17f8	; 0x17f8 <xTaskRemoveFromEventList>
     f06:	81 15       	cp	r24, r1
     f08:	51 f3       	breq	.-44     	; 0xede <.L116>
     f0a:	81 e0       	ldi	r24, 0x01	; 1
     f0c:	a9 81       	ldd	r26, Y+1	; 0x01
     f0e:	ba 81       	ldd	r27, Y+2	; 0x02
     f10:	8c 93       	st	X, r24
     f12:	81 e0       	ldi	r24, 0x01	; 1
     f14:	e5 cf       	rjmp	.-54     	; 0xee0 <.L128>

00000f16 <uxQueueMessagesWaiting>:
     f16:	fc 01       	movw	r30, r24
     f18:	0f b6       	in	r0, 0x3f	; 63
     f1a:	f8 94       	cli
     f1c:	0f 92       	push	r0
     f1e:	82 8d       	ldd	r24, Z+26	; 0x1a
     f20:	0f 90       	pop	r0
     f22:	0f be       	out	0x3f, r0	; 63
     f24:	08 95       	ret

00000f26 <uxQueueMessagesWaitingFromISR>:
     f26:	fc 01       	movw	r30, r24
     f28:	82 8d       	ldd	r24, Z+26	; 0x1a
     f2a:	08 95       	ret

00000f2c <vQueueDelete>:
     f2c:	cf 93       	push	r28
     f2e:	df 93       	push	r29
     f30:	ec 01       	movw	r28, r24
     f32:	88 81       	ld	r24, Y
     f34:	99 81       	ldd	r25, Y+1	; 0x01
     f36:	0e 94 97 02 	call	0x52e	; 0x52e <vPortFree>
     f3a:	ce 01       	movw	r24, r28
     f3c:	df 91       	pop	r29
     f3e:	cf 91       	pop	r28
     f40:	0c 94 97 02 	jmp	0x52e	; 0x52e <vPortFree>

00000f44 <xQueueIsQueueEmptyFromISR>:
     f44:	fc 01       	movw	r30, r24
     f46:	92 8d       	ldd	r25, Z+26	; 0x1a
     f48:	81 e0       	ldi	r24, 0x01	; 1
     f4a:	91 11       	cpse	r25, r1
     f4c:	80 e0       	ldi	r24, 0x00	; 0
     f4e:	08 95       	ret

00000f50 <xQueueIsQueueFullFromISR>:
     f50:	fc 01       	movw	r30, r24
     f52:	92 8d       	ldd	r25, Z+26	; 0x1a
     f54:	81 e0       	ldi	r24, 0x01	; 1
     f56:	23 8d       	ldd	r18, Z+27	; 0x1b
     f58:	29 13       	cpse	r18, r25
     f5a:	80 e0       	ldi	r24, 0x00	; 0
     f5c:	08 95       	ret

00000f5e <prvAddCurrentTaskToDelayedList>:
     f5e:	cf 93       	push	r28
     f60:	df 93       	push	r29
     f62:	ec 01       	movw	r28, r24
     f64:	e0 91 a4 04 	lds	r30, 0x04A4	; 0x8004a4 <pxCurrentTCB>
     f68:	f0 91 a5 04 	lds	r31, 0x04A5	; 0x8004a5 <pxCurrentTCB+0x1>
     f6c:	82 83       	std	Z+2, r24	; 0x02
     f6e:	d3 83       	std	Z+3, r29	; 0x03
     f70:	80 91 ae 04 	lds	r24, 0x04AE	; 0x8004ae <xTickCount>
     f74:	90 91 af 04 	lds	r25, 0x04AF	; 0x8004af <xTickCount+0x1>
     f78:	60 91 a4 04 	lds	r22, 0x04A4	; 0x8004a4 <pxCurrentTCB>
     f7c:	70 91 a5 04 	lds	r23, 0x04A5	; 0x8004a5 <pxCurrentTCB+0x1>
     f80:	c8 17       	cp	r28, r24
     f82:	d9 07       	cpc	r29, r25
     f84:	50 f4       	brcc	.+20     	; 0xf9a <.L2>
     f86:	80 91 c4 04 	lds	r24, 0x04C4	; 0x8004c4 <pxOverflowDelayedTaskList>
     f8a:	90 91 c5 04 	lds	r25, 0x04C5	; 0x8004c5 <pxOverflowDelayedTaskList+0x1>
     f8e:	6e 5f       	subi	r22, 0xFE	; 254
     f90:	7f 4f       	sbci	r23, 0xFF	; 255
     f92:	df 91       	pop	r29
     f94:	cf 91       	pop	r28
     f96:	0c 94 db 02 	jmp	0x5b6	; 0x5b6 <vListInsert>

00000f9a <.L2>:
     f9a:	80 91 c6 04 	lds	r24, 0x04C6	; 0x8004c6 <pxDelayedTaskList>
     f9e:	90 91 c7 04 	lds	r25, 0x04C7	; 0x8004c7 <pxDelayedTaskList+0x1>
     fa2:	6e 5f       	subi	r22, 0xFE	; 254
     fa4:	7f 4f       	sbci	r23, 0xFF	; 255
     fa6:	0e 94 db 02 	call	0x5b6	; 0x5b6 <vListInsert>
     faa:	80 91 60 00 	lds	r24, 0x0060	; 0x800060 <xNextTaskUnblockTime>
     fae:	90 91 61 00 	lds	r25, 0x0061	; 0x800061 <xNextTaskUnblockTime+0x1>
     fb2:	c8 17       	cp	r28, r24
     fb4:	d9 07       	cpc	r29, r25
     fb6:	20 f4       	brcc	.+8      	; 0xfc0 <.L1>
     fb8:	c0 93 60 00 	sts	0x0060, r28	; 0x800060 <xNextTaskUnblockTime>
     fbc:	d0 93 61 00 	sts	0x0061, r29	; 0x800061 <xNextTaskUnblockTime+0x1>

00000fc0 <.L1>:
     fc0:	df 91       	pop	r29
     fc2:	cf 91       	pop	r28
     fc4:	08 95       	ret

00000fc6 <xTaskGenericCreate>:
     fc6:	cf 92       	push	r12
     fc8:	df 92       	push	r13
     fca:	ef 92       	push	r14
     fcc:	ff 92       	push	r15
     fce:	0f 93       	push	r16
     fd0:	1f 93       	push	r17
     fd2:	cf 93       	push	r28
     fd4:	df 93       	push	r29
     fd6:	cd b7       	in	r28, 0x3d	; 61
     fd8:	de b7       	in	r29, 0x3e	; 62
     fda:	2c 97       	sbiw	r28, 0x0c	; 12
     fdc:	0f b6       	in	r0, 0x3f	; 63
     fde:	f8 94       	cli
     fe0:	de bf       	out	0x3e, r29	; 62
     fe2:	0f be       	out	0x3f, r0	; 63
     fe4:	cd bf       	out	0x3d, r28	; 61
     fe6:	8d 83       	std	Y+5, r24	; 0x05
     fe8:	9e 83       	std	Y+6, r25	; 0x06
     fea:	6f 83       	std	Y+7, r22	; 0x07
     fec:	78 87       	std	Y+8, r23	; 0x08
     fee:	49 83       	std	Y+1, r20	; 0x01
     ff0:	5a 83       	std	Y+2, r21	; 0x02
     ff2:	29 87       	std	Y+9, r18	; 0x09
     ff4:	3a 87       	std	Y+10, r19	; 0x0a
     ff6:	eb 82       	std	Y+3, r14	; 0x03
     ff8:	fc 82       	std	Y+4, r15	; 0x04
     ffa:	76 01       	movw	r14, r12
     ffc:	81 e2       	ldi	r24, 0x21	; 33
     ffe:	90 e0       	ldi	r25, 0x00	; 0
    1000:	0e 94 6a 02 	call	0x4d4	; 0x4d4 <pvPortMalloc>
    1004:	8b 87       	std	Y+11, r24	; 0x0b
    1006:	9c 87       	std	Y+12, r25	; 0x0c
    1008:	8b 85       	ldd	r24, Y+11	; 0x0b
    100a:	9c 85       	ldd	r25, Y+12	; 0x0c
    100c:	00 97       	sbiw	r24, 0x00	; 0
    100e:	09 f4       	brne	.+2      	; 0x1012 <L0^A+0x2>

00001010 <L0^A>:
    1010:	02 c1       	rjmp	.+516    	; 0x1216 <.L6>
    1012:	c1 14       	cp	r12, r1
    1014:	d1 04       	cpc	r13, r1
    1016:	09 f4       	brne	.+2      	; 0x101a <L0^A+0x2>

00001018 <L0^A>:
    1018:	ef c0       	rjmp	.+478    	; 0x11f8 <.L7>
    101a:	fc 01       	movw	r30, r24
    101c:	c7 8a       	std	Z+23, r12	; 0x17
    101e:	f0 8e       	std	Z+24, r15	; 0x18

00001020 <.L8>:
    1020:	49 81       	ldd	r20, Y+1	; 0x01
    1022:	5a 81       	ldd	r21, Y+2	; 0x02
    1024:	65 ea       	ldi	r22, 0xA5	; 165
    1026:	70 e0       	ldi	r23, 0x00	; 0
    1028:	c7 01       	movw	r24, r14
    102a:	0e 94 a3 15 	call	0x2b46	; 0x2b46 <memset>
    102e:	89 81       	ldd	r24, Y+1	; 0x01
    1030:	9a 81       	ldd	r25, Y+2	; 0x02
    1032:	01 97       	sbiw	r24, 0x01	; 1
    1034:	eb 85       	ldd	r30, Y+11	; 0x0b
    1036:	fc 85       	ldd	r31, Y+12	; 0x0c
    1038:	e7 88       	ldd	r14, Z+23	; 0x17
    103a:	f0 8c       	ldd	r15, Z+24	; 0x18
    103c:	e8 0e       	add	r14, r24
    103e:	f9 1e       	adc	r15, r25
    1040:	47 e0       	ldi	r20, 0x07	; 7
    1042:	50 e0       	ldi	r21, 0x00	; 0
    1044:	6f 81       	ldd	r22, Y+7	; 0x07
    1046:	78 85       	ldd	r23, Y+8	; 0x08
    1048:	cf 01       	movw	r24, r30
    104a:	49 96       	adiw	r24, 0x19	; 25
    104c:	0e 94 aa 15 	call	0x2b54	; 0x2b54 <strncpy>
    1050:	eb 85       	ldd	r30, Y+11	; 0x0b
    1052:	fc 85       	ldd	r31, Y+12	; 0x0c
    1054:	10 a2       	std	Z+32, r1	; 0x20
    1056:	10 2f       	mov	r17, r16
    1058:	05 30       	cpi	r16, 0x05	; 5
    105a:	08 f0       	brcs	.+2      	; 0x105e <.L10>

0000105c <L0^A>:
    105c:	7b c0       	rjmp	.+246    	; 0x1154 <.L28>

0000105e <.L10>:
    105e:	eb 85       	ldd	r30, Y+11	; 0x0b
    1060:	fc 85       	ldd	r31, Y+12	; 0x0c
    1062:	16 8b       	std	Z+22, r17	; 0x16
    1064:	32 96       	adiw	r30, 0x02	; 2
    1066:	6f 01       	movw	r12, r30
    1068:	cf 01       	movw	r24, r30
    106a:	0e 94 b6 02 	call	0x56c	; 0x56c <vListInitialiseItem>
    106e:	8b 85       	ldd	r24, Y+11	; 0x0b
    1070:	9c 85       	ldd	r25, Y+12	; 0x0c
    1072:	0c 96       	adiw	r24, 0x0c	; 12
    1074:	0e 94 b6 02 	call	0x56c	; 0x56c <vListInitialiseItem>
    1078:	8b 85       	ldd	r24, Y+11	; 0x0b
    107a:	9c 85       	ldd	r25, Y+12	; 0x0c
    107c:	fc 01       	movw	r30, r24
    107e:	80 87       	std	Z+8, r24	; 0x08
    1080:	91 87       	std	Z+9, r25	; 0x09
    1082:	85 e0       	ldi	r24, 0x05	; 5
    1084:	90 e0       	ldi	r25, 0x00	; 0
    1086:	81 1b       	sub	r24, r17
    1088:	91 09       	sbc	r25, r1
    108a:	84 87       	std	Z+12, r24	; 0x0c
    108c:	95 87       	std	Z+13, r25	; 0x0d
    108e:	f3 8b       	std	Z+19, r31	; 0x13
    1090:	e2 8b       	std	Z+18, r30	; 0x12
    1092:	49 85       	ldd	r20, Y+9	; 0x09
    1094:	5a 85       	ldd	r21, Y+10	; 0x0a
    1096:	6d 81       	ldd	r22, Y+5	; 0x05
    1098:	7e 81       	ldd	r23, Y+6	; 0x06
    109a:	c7 01       	movw	r24, r14
    109c:	0e 94 40 03 	call	0x680	; 0x680 <pxPortInitialiseStack>
    10a0:	eb 85       	ldd	r30, Y+11	; 0x0b
    10a2:	fc 85       	ldd	r31, Y+12	; 0x0c
    10a4:	80 83       	st	Z, r24
    10a6:	91 83       	std	Z+1, r25	; 0x01
    10a8:	8b 81       	ldd	r24, Y+3	; 0x03
    10aa:	9c 81       	ldd	r25, Y+4	; 0x04
    10ac:	89 2b       	or	r24, r25
    10ae:	29 f0       	breq	.+10     	; 0x10ba <.L11>
    10b0:	cf 01       	movw	r24, r30
    10b2:	eb 81       	ldd	r30, Y+3	; 0x03
    10b4:	fc 81       	ldd	r31, Y+4	; 0x04
    10b6:	80 83       	st	Z, r24
    10b8:	91 83       	std	Z+1, r25	; 0x01

000010ba <.L11>:
    10ba:	0f b6       	in	r0, 0x3f	; 63
    10bc:	f8 94       	cli
    10be:	0f 92       	push	r0
    10c0:	80 91 b0 04 	lds	r24, 0x04B0	; 0x8004b0 <uxCurrentNumberOfTasks>
    10c4:	8f 5f       	subi	r24, 0xFF	; 255
    10c6:	80 93 b0 04 	sts	0x04B0, r24	; 0x8004b0 <uxCurrentNumberOfTasks>
    10ca:	80 91 a4 04 	lds	r24, 0x04A4	; 0x8004a4 <pxCurrentTCB>
    10ce:	90 91 a5 04 	lds	r25, 0x04A5	; 0x8004a5 <pxCurrentTCB+0x1>
    10d2:	89 2b       	or	r24, r25
    10d4:	09 f4       	brne	.+2      	; 0x10d8 <L0^A+0x2>

000010d6 <L0^A>:
    10d6:	59 c0       	rjmp	.+178    	; 0x118a <.L29>
    10d8:	80 91 ab 04 	lds	r24, 0x04AB	; 0x8004ab <xSchedulerRunning>
    10dc:	81 15       	cp	r24, r1
    10de:	09 f4       	brne	.+2      	; 0x10e2 <.L14>

000010e0 <L0^A>:
    10e0:	45 c0       	rjmp	.+138    	; 0x116c <.L30>

000010e2 <.L14>:
    10e2:	eb 85       	ldd	r30, Y+11	; 0x0b
    10e4:	fc 85       	ldd	r31, Y+12	; 0x0c
    10e6:	26 89       	ldd	r18, Z+22	; 0x16
    10e8:	80 91 ad 04 	lds	r24, 0x04AD	; 0x8004ad <uxTopUsedPriority>
    10ec:	82 17       	cp	r24, r18
    10ee:	10 f4       	brcc	.+4      	; 0x10f4 <.L17>
    10f0:	20 93 ad 04 	sts	0x04AD, r18	; 0x8004ad <uxTopUsedPriority>

000010f4 <.L17>:
    10f4:	80 91 a6 04 	lds	r24, 0x04A6	; 0x8004a6 <uxTaskNumber>
    10f8:	8f 5f       	subi	r24, 0xFF	; 255
    10fa:	80 93 a6 04 	sts	0x04A6, r24	; 0x8004a6 <uxTaskNumber>
    10fe:	80 91 ac 04 	lds	r24, 0x04AC	; 0x8004ac <uxTopReadyPriority>
    1102:	82 17       	cp	r24, r18
    1104:	10 f4       	brcc	.+4      	; 0x110a <.L18>
    1106:	20 93 ac 04 	sts	0x04AC, r18	; 0x8004ac <uxTopReadyPriority>

0000110a <.L18>:
    110a:	30 e0       	ldi	r19, 0x00	; 0
    110c:	c9 01       	movw	r24, r18
    110e:	88 0f       	add	r24, r24
    1110:	99 1f       	adc	r25, r25
    1112:	88 0f       	add	r24, r24
    1114:	99 1f       	adc	r25, r25
    1116:	88 0f       	add	r24, r24
    1118:	99 1f       	adc	r25, r25
    111a:	82 0f       	add	r24, r18
    111c:	93 1f       	adc	r25, r19
    111e:	b6 01       	movw	r22, r12
    1120:	86 52       	subi	r24, 0x26	; 38
    1122:	9b 4f       	sbci	r25, 0xFB	; 251
    1124:	0e 94 ba 02 	call	0x574	; 0x574 <vListInsertEnd>
    1128:	0f 90       	pop	r0
    112a:	0f be       	out	0x3f, r0	; 63
    112c:	80 91 ab 04 	lds	r24, 0x04AB	; 0x8004ab <xSchedulerRunning>
    1130:	81 11       	cpse	r24, r1
    1132:	12 c0       	rjmp	.+36     	; 0x1158 <.L19>

00001134 <.L20>:
    1134:	81 e0       	ldi	r24, 0x01	; 1

00001136 <.L5>:
    1136:	2c 96       	adiw	r28, 0x0c	; 12
    1138:	0f b6       	in	r0, 0x3f	; 63
    113a:	f8 94       	cli
    113c:	de bf       	out	0x3e, r29	; 62
    113e:	0f be       	out	0x3f, r0	; 63
    1140:	cd bf       	out	0x3d, r28	; 61
    1142:	df 91       	pop	r29
    1144:	cf 91       	pop	r28
    1146:	1f 91       	pop	r17
    1148:	0f 91       	pop	r16
    114a:	ff 90       	pop	r15
    114c:	ef 90       	pop	r14
    114e:	df 90       	pop	r13
    1150:	cf 90       	pop	r12
    1152:	08 95       	ret

00001154 <.L28>:
    1154:	14 e0       	ldi	r17, 0x04	; 4
    1156:	83 cf       	rjmp	.-250    	; 0x105e <.L10>

00001158 <.L19>:
    1158:	e0 91 a4 04 	lds	r30, 0x04A4	; 0x8004a4 <pxCurrentTCB>
    115c:	f0 91 a5 04 	lds	r31, 0x04A5	; 0x8004a5 <pxCurrentTCB+0x1>
    1160:	86 89       	ldd	r24, Z+22	; 0x16
    1162:	80 17       	cp	r24, r16
    1164:	38 f7       	brcc	.-50     	; 0x1134 <.L20>
    1166:	0e 94 bd 03 	call	0x77a	; 0x77a <vPortYield>
    116a:	e4 cf       	rjmp	.-56     	; 0x1134 <.L20>

0000116c <.L30>:
    116c:	e0 91 a4 04 	lds	r30, 0x04A4	; 0x8004a4 <pxCurrentTCB>
    1170:	f0 91 a5 04 	lds	r31, 0x04A5	; 0x8004a5 <pxCurrentTCB+0x1>
    1174:	86 89       	ldd	r24, Z+22	; 0x16
    1176:	08 17       	cp	r16, r24
    1178:	08 f4       	brcc	.+2      	; 0x117c <L0^A+0x2>

0000117a <L0^A>:
    117a:	b3 cf       	rjmp	.-154    	; 0x10e2 <.L14>
    117c:	eb 85       	ldd	r30, Y+11	; 0x0b
    117e:	fc 85       	ldd	r31, Y+12	; 0x0c
    1180:	f0 93 a5 04 	sts	0x04A5, r31	; 0x8004a5 <pxCurrentTCB+0x1>
    1184:	e0 93 a4 04 	sts	0x04A4, r30	; 0x8004a4 <pxCurrentTCB>
    1188:	ac cf       	rjmp	.-168    	; 0x10e2 <.L14>

0000118a <.L29>:
    118a:	eb 85       	ldd	r30, Y+11	; 0x0b
    118c:	fc 85       	ldd	r31, Y+12	; 0x0c
    118e:	f0 93 a5 04 	sts	0x04A5, r31	; 0x8004a5 <pxCurrentTCB+0x1>
    1192:	e0 93 a4 04 	sts	0x04A4, r30	; 0x8004a4 <pxCurrentTCB>
    1196:	80 91 b0 04 	lds	r24, 0x04B0	; 0x8004b0 <uxCurrentNumberOfTasks>
    119a:	81 30       	cpi	r24, 0x01	; 1
    119c:	09 f0       	breq	.+2      	; 0x11a0 <L0^A+0x2>

0000119e <L0^A>:
    119e:	a1 cf       	rjmp	.-190    	; 0x10e2 <.L14>
    11a0:	5a ed       	ldi	r21, 0xDA	; 218
    11a2:	e5 2e       	mov	r14, r21
    11a4:	54 e0       	ldi	r21, 0x04	; 4
    11a6:	f5 2e       	mov	r15, r21

000011a8 <.L15>:
    11a8:	c7 01       	movw	r24, r14
    11aa:	0e 94 a8 02 	call	0x550	; 0x550 <vListInitialise>
    11ae:	f9 e0       	ldi	r31, 0x09	; 9
    11b0:	ef 0e       	add	r14, r31
    11b2:	f1 1c       	adc	r15, r1
    11b4:	87 e0       	ldi	r24, 0x07	; 7
    11b6:	95 e0       	ldi	r25, 0x05	; 5
    11b8:	8e 15       	cp	r24, r14
    11ba:	9f 05       	cpc	r25, r15
    11bc:	a9 f7       	brne	.-22     	; 0x11a8 <.L15>
    11be:	81 ed       	ldi	r24, 0xD1	; 209
    11c0:	94 e0       	ldi	r25, 0x04	; 4
    11c2:	0e 94 a8 02 	call	0x550	; 0x550 <vListInitialise>
    11c6:	88 ec       	ldi	r24, 0xC8	; 200
    11c8:	94 e0       	ldi	r25, 0x04	; 4
    11ca:	0e 94 a8 02 	call	0x550	; 0x550 <vListInitialise>
    11ce:	8b eb       	ldi	r24, 0xBB	; 187
    11d0:	94 e0       	ldi	r25, 0x04	; 4
    11d2:	0e 94 a8 02 	call	0x550	; 0x550 <vListInitialise>
    11d6:	82 eb       	ldi	r24, 0xB2	; 178
    11d8:	94 e0       	ldi	r25, 0x04	; 4
    11da:	0e 94 a8 02 	call	0x550	; 0x550 <vListInitialise>
    11de:	81 ed       	ldi	r24, 0xD1	; 209
    11e0:	94 e0       	ldi	r25, 0x04	; 4
    11e2:	90 93 c7 04 	sts	0x04C7, r25	; 0x8004c7 <pxDelayedTaskList+0x1>
    11e6:	80 93 c6 04 	sts	0x04C6, r24	; 0x8004c6 <pxDelayedTaskList>
    11ea:	88 ec       	ldi	r24, 0xC8	; 200
    11ec:	94 e0       	ldi	r25, 0x04	; 4
    11ee:	90 93 c5 04 	sts	0x04C5, r25	; 0x8004c5 <pxOverflowDelayedTaskList+0x1>
    11f2:	80 93 c4 04 	sts	0x04C4, r24	; 0x8004c4 <pxOverflowDelayedTaskList>
    11f6:	75 cf       	rjmp	.-278    	; 0x10e2 <.L14>

000011f8 <.L7>:
    11f8:	89 81       	ldd	r24, Y+1	; 0x01
    11fa:	9a 81       	ldd	r25, Y+2	; 0x02
    11fc:	0e 94 6a 02 	call	0x4d4	; 0x4d4 <pvPortMalloc>
    1200:	7c 01       	movw	r14, r24
    1202:	eb 85       	ldd	r30, Y+11	; 0x0b
    1204:	fc 85       	ldd	r31, Y+12	; 0x0c
    1206:	87 8b       	std	Z+23, r24	; 0x17
    1208:	f0 8e       	std	Z+24, r15	; 0x18
    120a:	89 2b       	or	r24, r25
    120c:	09 f0       	breq	.+2      	; 0x1210 <L0^A+0x2>

0000120e <L0^A>:
    120e:	08 cf       	rjmp	.-496    	; 0x1020 <.L8>
    1210:	cf 01       	movw	r24, r30
    1212:	0e 94 97 02 	call	0x52e	; 0x52e <vPortFree>

00001216 <.L6>:
    1216:	8f ef       	ldi	r24, 0xFF	; 255
    1218:	8e cf       	rjmp	.-228    	; 0x1136 <.L5>

0000121a <vTaskDelete>:
    121a:	0f 93       	push	r16
    121c:	1f 93       	push	r17
    121e:	cf 93       	push	r28
    1220:	df 93       	push	r29
    1222:	00 d0       	rcall	.+0      	; 0x1224 <L0^A>

00001224 <L0^A>:
    1224:	00 d0       	rcall	.+0      	; 0x1226 <L0^A>

00001226 <L0^A>:
    1226:	cd b7       	in	r28, 0x3d	; 61
    1228:	de b7       	in	r29, 0x3e	; 62
    122a:	8b 83       	std	Y+3, r24	; 0x03
    122c:	9c 83       	std	Y+4, r25	; 0x04
    122e:	0f b6       	in	r0, 0x3f	; 63
    1230:	f8 94       	cli
    1232:	0f 92       	push	r0
    1234:	80 91 a4 04 	lds	r24, 0x04A4	; 0x8004a4 <pxCurrentTCB>
    1238:	90 91 a5 04 	lds	r25, 0x04A5	; 0x8004a5 <pxCurrentTCB+0x1>
    123c:	2b 81       	ldd	r18, Y+3	; 0x03
    123e:	3c 81       	ldd	r19, Y+4	; 0x04
    1240:	82 17       	cp	r24, r18
    1242:	93 07       	cpc	r25, r19
    1244:	39 f0       	breq	.+14     	; 0x1254 <.L32>
    1246:	23 2b       	or	r18, r19
    1248:	29 f0       	breq	.+10     	; 0x1254 <.L32>
    124a:	eb 81       	ldd	r30, Y+3	; 0x03
    124c:	fc 81       	ldd	r31, Y+4	; 0x04
    124e:	e9 83       	std	Y+1, r30	; 0x01
    1250:	fa 83       	std	Y+2, r31	; 0x02
    1252:	08 c0       	rjmp	.+16     	; 0x1264 <.L33>

00001254 <.L32>:
    1254:	80 91 a4 04 	lds	r24, 0x04A4	; 0x8004a4 <pxCurrentTCB>
    1258:	90 91 a5 04 	lds	r25, 0x04A5	; 0x8004a5 <pxCurrentTCB+0x1>
    125c:	8b 83       	std	Y+3, r24	; 0x03
    125e:	9c 83       	std	Y+4, r25	; 0x04
    1260:	19 82       	std	Y+1, r1	; 0x01
    1262:	1a 82       	std	Y+2, r1	; 0x02

00001264 <.L33>:
    1264:	0b 81       	ldd	r16, Y+3	; 0x03
    1266:	1c 81       	ldd	r17, Y+4	; 0x04
    1268:	0e 5f       	subi	r16, 0xFE	; 254
    126a:	1f 4f       	sbci	r17, 0xFF	; 255
    126c:	c8 01       	movw	r24, r16
    126e:	0e 94 13 03 	call	0x626	; 0x626 <vListRemove>
    1272:	eb 81       	ldd	r30, Y+3	; 0x03
    1274:	fc 81       	ldd	r31, Y+4	; 0x04
    1276:	84 89       	ldd	r24, Z+20	; 0x14
    1278:	95 89       	ldd	r25, Z+21	; 0x15
    127a:	89 2b       	or	r24, r25
    127c:	21 f0       	breq	.+8      	; 0x1286 <.L34>
    127e:	cf 01       	movw	r24, r30
    1280:	0c 96       	adiw	r24, 0x0c	; 12
    1282:	0e 94 13 03 	call	0x626	; 0x626 <vListRemove>

00001286 <.L34>:
    1286:	b8 01       	movw	r22, r16
    1288:	82 eb       	ldi	r24, 0xB2	; 178
    128a:	94 e0       	ldi	r25, 0x04	; 4
    128c:	0e 94 ba 02 	call	0x574	; 0x574 <vListInsertEnd>
    1290:	80 91 b1 04 	lds	r24, 0x04B1	; 0x8004b1 <uxTasksDeleted>
    1294:	8f 5f       	subi	r24, 0xFF	; 255
    1296:	80 93 b1 04 	sts	0x04B1, r24	; 0x8004b1 <uxTasksDeleted>
    129a:	80 91 a6 04 	lds	r24, 0x04A6	; 0x8004a6 <uxTaskNumber>
    129e:	8f 5f       	subi	r24, 0xFF	; 255
    12a0:	80 93 a6 04 	sts	0x04A6, r24	; 0x8004a6 <uxTaskNumber>
    12a4:	0f 90       	pop	r0
    12a6:	0f be       	out	0x3f, r0	; 63
    12a8:	80 91 ab 04 	lds	r24, 0x04AB	; 0x8004ab <xSchedulerRunning>
    12ac:	81 15       	cp	r24, r1
    12ae:	21 f0       	breq	.+8      	; 0x12b8 <.L31>
    12b0:	29 81       	ldd	r18, Y+1	; 0x01
    12b2:	3a 81       	ldd	r19, Y+2	; 0x02
    12b4:	23 2b       	or	r18, r19
    12b6:	49 f0       	breq	.+18     	; 0x12ca <.L43>

000012b8 <.L31>:
    12b8:	0f 90       	pop	r0
    12ba:	0f 90       	pop	r0
    12bc:	0f 90       	pop	r0
    12be:	0f 90       	pop	r0
    12c0:	df 91       	pop	r29
    12c2:	cf 91       	pop	r28
    12c4:	1f 91       	pop	r17
    12c6:	0f 91       	pop	r16
    12c8:	08 95       	ret

000012ca <.L43>:
    12ca:	0e 94 bd 03 	call	0x77a	; 0x77a <vPortYield>
    12ce:	f4 cf       	rjmp	.-24     	; 0x12b8 <.L31>

000012d0 <vTaskStartScheduler>:
    12d0:	af 92       	push	r10
    12d2:	bf 92       	push	r11
    12d4:	cf 92       	push	r12
    12d6:	df 92       	push	r13
    12d8:	ef 92       	push	r14
    12da:	ff 92       	push	r15
    12dc:	0f 93       	push	r16
    12de:	a1 2c       	mov	r10, r1
    12e0:	b1 2c       	mov	r11, r1
    12e2:	65 01       	movw	r12, r10
    12e4:	75 01       	movw	r14, r10
    12e6:	00 e0       	ldi	r16, 0x00	; 0
    12e8:	95 01       	movw	r18, r10
    12ea:	45 e5       	ldi	r20, 0x55	; 85
    12ec:	50 e0       	ldi	r21, 0x00	; 0
    12ee:	6b e7       	ldi	r22, 0x7B	; 123
    12f0:	70 e0       	ldi	r23, 0x00	; 0
    12f2:	85 e5       	ldi	r24, 0x55	; 85
    12f4:	9b e0       	ldi	r25, 0x0B	; 11
    12f6:	0e 94 e3 07 	call	0xfc6	; 0xfc6 <xTaskGenericCreate>
    12fa:	81 30       	cpi	r24, 0x01	; 1
    12fc:	41 f0       	breq	.+16     	; 0x130e <.L46>
    12fe:	0f 91       	pop	r16
    1300:	ff 90       	pop	r15
    1302:	ef 90       	pop	r14
    1304:	df 90       	pop	r13
    1306:	cf 90       	pop	r12
    1308:	bf 90       	pop	r11
    130a:	af 90       	pop	r10
    130c:	08 95       	ret

0000130e <.L46>:
    130e:	f8 94       	cli
    1310:	80 93 ab 04 	sts	0x04AB, r24	; 0x8004ab <xSchedulerRunning>
    1314:	10 92 af 04 	sts	0x04AF, r1	; 0x8004af <xTickCount+0x1>
    1318:	10 92 ae 04 	sts	0x04AE, r1	; 0x8004ae <xTickCount>
    131c:	0f 91       	pop	r16
    131e:	ff 90       	pop	r15
    1320:	ef 90       	pop	r14
    1322:	df 90       	pop	r13
    1324:	cf 90       	pop	r12
    1326:	bf 90       	pop	r11
    1328:	af 90       	pop	r10
    132a:	0c 94 87 03 	jmp	0x70e	; 0x70e <xPortStartScheduler>

0000132e <vTaskEndScheduler>:
    132e:	f8 94       	cli
    1330:	10 92 ab 04 	sts	0x04AB, r1	; 0x8004ab <xSchedulerRunning>
    1334:	0c 94 bc 03 	jmp	0x778	; 0x778 <vPortEndScheduler>

00001338 <vTaskSuspendAll>:
    1338:	80 91 aa 04 	lds	r24, 0x04AA	; 0x8004aa <uxSchedulerSuspended>
    133c:	8f 5f       	subi	r24, 0xFF	; 255
    133e:	80 93 aa 04 	sts	0x04AA, r24	; 0x8004aa <uxSchedulerSuspended>
    1342:	08 95       	ret

00001344 <xTaskGetTickCount>:
    1344:	0f b6       	in	r0, 0x3f	; 63
    1346:	f8 94       	cli
    1348:	0f 92       	push	r0
    134a:	80 91 ae 04 	lds	r24, 0x04AE	; 0x8004ae <xTickCount>
    134e:	90 91 af 04 	lds	r25, 0x04AF	; 0x8004af <xTickCount+0x1>
    1352:	0f 90       	pop	r0
    1354:	0f be       	out	0x3f, r0	; 63
    1356:	08 95       	ret

00001358 <xTaskGetTickCountFromISR>:
    1358:	80 91 ae 04 	lds	r24, 0x04AE	; 0x8004ae <xTickCount>
    135c:	90 91 af 04 	lds	r25, 0x04AF	; 0x8004af <xTickCount+0x1>
    1360:	08 95       	ret

00001362 <uxTaskGetNumberOfTasks>:
    1362:	80 91 b0 04 	lds	r24, 0x04B0	; 0x8004b0 <uxCurrentNumberOfTasks>
    1366:	08 95       	ret

00001368 <vTaskIncrementTick>:
    1368:	0f 93       	push	r16
    136a:	1f 93       	push	r17
    136c:	cf 93       	push	r28
    136e:	df 93       	push	r29
    1370:	80 91 aa 04 	lds	r24, 0x04AA	; 0x8004aa <uxSchedulerSuspended>
    1374:	81 11       	cpse	r24, r1
    1376:	6b c0       	rjmp	.+214    	; 0x144e <.L53>
    1378:	80 91 ae 04 	lds	r24, 0x04AE	; 0x8004ae <xTickCount>
    137c:	90 91 af 04 	lds	r25, 0x04AF	; 0x8004af <xTickCount+0x1>
    1380:	01 96       	adiw	r24, 0x01	; 1
    1382:	90 93 af 04 	sts	0x04AF, r25	; 0x8004af <xTickCount+0x1>
    1386:	80 93 ae 04 	sts	0x04AE, r24	; 0x8004ae <xTickCount>
    138a:	80 91 ae 04 	lds	r24, 0x04AE	; 0x8004ae <xTickCount>
    138e:	90 91 af 04 	lds	r25, 0x04AF	; 0x8004af <xTickCount+0x1>
    1392:	89 2b       	or	r24, r25
    1394:	09 f4       	brne	.+2      	; 0x1398 <L0^A+0x2>

00001396 <L0^A>:
    1396:	65 c0       	rjmp	.+202    	; 0x1462 <.L54>
    1398:	80 91 60 00 	lds	r24, 0x0060	; 0x800060 <xNextTaskUnblockTime>
    139c:	90 91 61 00 	lds	r25, 0x0061	; 0x800061 <xNextTaskUnblockTime+0x1>

000013a0 <.L55>:
    13a0:	20 91 ae 04 	lds	r18, 0x04AE	; 0x8004ae <xTickCount>
    13a4:	30 91 af 04 	lds	r19, 0x04AF	; 0x8004af <xTickCount+0x1>
    13a8:	28 17       	cp	r18, r24
    13aa:	39 07       	cpc	r19, r25
    13ac:	08 f4       	brcc	.+2      	; 0x13b0 <L0^A+0x2>

000013ae <L0^A>:
    13ae:	54 c0       	rjmp	.+168    	; 0x1458 <.L52>
    13b0:	e0 91 c6 04 	lds	r30, 0x04C6	; 0x8004c6 <pxDelayedTaskList>
    13b4:	f0 91 c7 04 	lds	r31, 0x04C7	; 0x8004c7 <pxDelayedTaskList+0x1>
    13b8:	80 81       	ld	r24, Z
    13ba:	81 11       	cpse	r24, r1
    13bc:	2d c0       	rjmp	.+90     	; 0x1418 <.L58>
    13be:	85 c0       	rjmp	.+266    	; 0x14ca <.L62>

000013c0 <.L59>:
    13c0:	8e 01       	movw	r16, r28
    13c2:	0e 5f       	subi	r16, 0xFE	; 254
    13c4:	1f 4f       	sbci	r17, 0xFF	; 255
    13c6:	c8 01       	movw	r24, r16
    13c8:	0e 94 13 03 	call	0x626	; 0x626 <vListRemove>
    13cc:	8c 89       	ldd	r24, Y+20	; 0x14
    13ce:	9d 89       	ldd	r25, Y+21	; 0x15
    13d0:	89 2b       	or	r24, r25
    13d2:	21 f0       	breq	.+8      	; 0x13dc <.L60>
    13d4:	ce 01       	movw	r24, r28
    13d6:	0c 96       	adiw	r24, 0x0c	; 12
    13d8:	0e 94 13 03 	call	0x626	; 0x626 <vListRemove>

000013dc <.L60>:
    13dc:	2e 89       	ldd	r18, Y+22	; 0x16
    13de:	80 91 ac 04 	lds	r24, 0x04AC	; 0x8004ac <uxTopReadyPriority>
    13e2:	82 17       	cp	r24, r18
    13e4:	10 f4       	brcc	.+4      	; 0x13ea <.L61>
    13e6:	20 93 ac 04 	sts	0x04AC, r18	; 0x8004ac <uxTopReadyPriority>

000013ea <.L61>:
    13ea:	30 e0       	ldi	r19, 0x00	; 0
    13ec:	c9 01       	movw	r24, r18
    13ee:	88 0f       	add	r24, r24
    13f0:	99 1f       	adc	r25, r25
    13f2:	88 0f       	add	r24, r24
    13f4:	99 1f       	adc	r25, r25
    13f6:	88 0f       	add	r24, r24
    13f8:	99 1f       	adc	r25, r25
    13fa:	82 0f       	add	r24, r18
    13fc:	93 1f       	adc	r25, r19
    13fe:	b8 01       	movw	r22, r16
    1400:	86 52       	subi	r24, 0x26	; 38
    1402:	9b 4f       	sbci	r25, 0xFB	; 251
    1404:	0e 94 ba 02 	call	0x574	; 0x574 <vListInsertEnd>
    1408:	e0 91 c6 04 	lds	r30, 0x04C6	; 0x8004c6 <pxDelayedTaskList>
    140c:	f0 91 c7 04 	lds	r31, 0x04C7	; 0x8004c7 <pxDelayedTaskList+0x1>
    1410:	80 81       	ld	r24, Z
    1412:	81 15       	cp	r24, r1
    1414:	09 f4       	brne	.+2      	; 0x1418 <.L58>

00001416 <L0^A>:
    1416:	59 c0       	rjmp	.+178    	; 0x14ca <.L62>

00001418 <.L58>:
    1418:	e0 91 c6 04 	lds	r30, 0x04C6	; 0x8004c6 <pxDelayedTaskList>
    141c:	f0 91 c7 04 	lds	r31, 0x04C7	; 0x8004c7 <pxDelayedTaskList+0x1>
    1420:	05 80       	ldd	r0, Z+5	; 0x05
    1422:	f6 81       	ldd	r31, Z+6	; 0x06
    1424:	e0 2d       	mov	r30, r0
    1426:	c6 81       	ldd	r28, Z+6	; 0x06
    1428:	d7 81       	ldd	r29, Z+7	; 0x07
    142a:	8a 81       	ldd	r24, Y+2	; 0x02
    142c:	9b 81       	ldd	r25, Y+3	; 0x03
    142e:	20 91 ae 04 	lds	r18, 0x04AE	; 0x8004ae <xTickCount>
    1432:	30 91 af 04 	lds	r19, 0x04AF	; 0x8004af <xTickCount+0x1>
    1436:	28 17       	cp	r18, r24
    1438:	39 07       	cpc	r19, r25
    143a:	10 f6       	brcc	.-124    	; 0x13c0 <.L59>
    143c:	80 93 60 00 	sts	0x0060, r24	; 0x800060 <xNextTaskUnblockTime>
    1440:	90 93 61 00 	sts	0x0061, r25	; 0x800061 <xNextTaskUnblockTime+0x1>
    1444:	df 91       	pop	r29
    1446:	cf 91       	pop	r28
    1448:	1f 91       	pop	r17
    144a:	0f 91       	pop	r16
    144c:	08 95       	ret

0000144e <.L53>:
    144e:	80 91 a9 04 	lds	r24, 0x04A9	; 0x8004a9 <uxMissedTicks>
    1452:	8f 5f       	subi	r24, 0xFF	; 255
    1454:	80 93 a9 04 	sts	0x04A9, r24	; 0x8004a9 <uxMissedTicks>

00001458 <.L52>:
    1458:	df 91       	pop	r29
    145a:	cf 91       	pop	r28
    145c:	1f 91       	pop	r17
    145e:	0f 91       	pop	r16
    1460:	08 95       	ret

00001462 <.L54>:
    1462:	80 91 c6 04 	lds	r24, 0x04C6	; 0x8004c6 <pxDelayedTaskList>
    1466:	90 91 c7 04 	lds	r25, 0x04C7	; 0x8004c7 <pxDelayedTaskList+0x1>
    146a:	20 91 c4 04 	lds	r18, 0x04C4	; 0x8004c4 <pxOverflowDelayedTaskList>
    146e:	30 91 c5 04 	lds	r19, 0x04C5	; 0x8004c5 <pxOverflowDelayedTaskList+0x1>
    1472:	30 93 c7 04 	sts	0x04C7, r19	; 0x8004c7 <pxDelayedTaskList+0x1>
    1476:	20 93 c6 04 	sts	0x04C6, r18	; 0x8004c6 <pxDelayedTaskList>
    147a:	90 93 c5 04 	sts	0x04C5, r25	; 0x8004c5 <pxOverflowDelayedTaskList+0x1>
    147e:	80 93 c4 04 	sts	0x04C4, r24	; 0x8004c4 <pxOverflowDelayedTaskList>
    1482:	80 91 a7 04 	lds	r24, 0x04A7	; 0x8004a7 <xNumOfOverflows>
    1486:	8f 5f       	subi	r24, 0xFF	; 255
    1488:	80 93 a7 04 	sts	0x04A7, r24	; 0x8004a7 <xNumOfOverflows>
    148c:	e0 91 c6 04 	lds	r30, 0x04C6	; 0x8004c6 <pxDelayedTaskList>
    1490:	f0 91 c7 04 	lds	r31, 0x04C7	; 0x8004c7 <pxDelayedTaskList+0x1>
    1494:	80 81       	ld	r24, Z
    1496:	81 11       	cpse	r24, r1
    1498:	07 c0       	rjmp	.+14     	; 0x14a8 <.L56>
    149a:	8f ef       	ldi	r24, 0xFF	; 255
    149c:	9f ef       	ldi	r25, 0xFF	; 255
    149e:	80 93 60 00 	sts	0x0060, r24	; 0x800060 <xNextTaskUnblockTime>
    14a2:	90 93 61 00 	sts	0x0061, r25	; 0x800061 <xNextTaskUnblockTime+0x1>
    14a6:	7c cf       	rjmp	.-264    	; 0x13a0 <.L55>

000014a8 <.L56>:
    14a8:	e0 91 c6 04 	lds	r30, 0x04C6	; 0x8004c6 <pxDelayedTaskList>
    14ac:	f0 91 c7 04 	lds	r31, 0x04C7	; 0x8004c7 <pxDelayedTaskList+0x1>
    14b0:	05 80       	ldd	r0, Z+5	; 0x05
    14b2:	f6 81       	ldd	r31, Z+6	; 0x06
    14b4:	e0 2d       	mov	r30, r0
    14b6:	06 80       	ldd	r0, Z+6	; 0x06
    14b8:	f7 81       	ldd	r31, Z+7	; 0x07
    14ba:	e0 2d       	mov	r30, r0
    14bc:	82 81       	ldd	r24, Z+2	; 0x02
    14be:	93 81       	ldd	r25, Z+3	; 0x03
    14c0:	80 93 60 00 	sts	0x0060, r24	; 0x800060 <xNextTaskUnblockTime>
    14c4:	90 93 61 00 	sts	0x0061, r25	; 0x800061 <xNextTaskUnblockTime+0x1>
    14c8:	6b cf       	rjmp	.-298    	; 0x13a0 <.L55>

000014ca <.L62>:
    14ca:	8f ef       	ldi	r24, 0xFF	; 255
    14cc:	9f ef       	ldi	r25, 0xFF	; 255
    14ce:	80 93 60 00 	sts	0x0060, r24	; 0x800060 <xNextTaskUnblockTime>
    14d2:	90 93 61 00 	sts	0x0061, r25	; 0x800061 <xNextTaskUnblockTime+0x1>
    14d6:	df 91       	pop	r29
    14d8:	cf 91       	pop	r28
    14da:	1f 91       	pop	r17
    14dc:	0f 91       	pop	r16
    14de:	08 95       	ret

000014e0 <xTaskResumeAll>:
    14e0:	ff 92       	push	r15
    14e2:	0f 93       	push	r16
    14e4:	1f 93       	push	r17
    14e6:	cf 93       	push	r28
    14e8:	df 93       	push	r29
    14ea:	0f b6       	in	r0, 0x3f	; 63
    14ec:	f8 94       	cli
    14ee:	0f 92       	push	r0
    14f0:	80 91 aa 04 	lds	r24, 0x04AA	; 0x8004aa <uxSchedulerSuspended>
    14f4:	81 50       	subi	r24, 0x01	; 1
    14f6:	80 93 aa 04 	sts	0x04AA, r24	; 0x8004aa <uxSchedulerSuspended>
    14fa:	80 91 aa 04 	lds	r24, 0x04AA	; 0x8004aa <uxSchedulerSuspended>
    14fe:	81 11       	cpse	r24, r1
    1500:	4b c0       	rjmp	.+150    	; 0x1598 <.L73>
    1502:	80 91 b0 04 	lds	r24, 0x04B0	; 0x8004b0 <uxCurrentNumberOfTasks>
    1506:	81 15       	cp	r24, r1
    1508:	09 f4       	brne	.+2      	; 0x150c <L0^A+0x2>

0000150a <L0^A>:
    150a:	46 c0       	rjmp	.+140    	; 0x1598 <.L73>
    150c:	80 91 bb 04 	lds	r24, 0x04BB	; 0x8004bb <xPendingReadyList>
    1510:	81 15       	cp	r24, r1
    1512:	09 f4       	brne	.+2      	; 0x1516 <L0^A+0x2>

00001514 <L0^A>:
    1514:	5b c0       	rjmp	.+182    	; 0x15cc <.L74>
    1516:	f1 2c       	mov	r15, r1

00001518 <.L77>:
    1518:	e0 91 c0 04 	lds	r30, 0x04C0	; 0x8004c0 <xPendingReadyList+0x5>
    151c:	f0 91 c1 04 	lds	r31, 0x04C1	; 0x8004c1 <xPendingReadyList+0x6>
    1520:	c6 81       	ldd	r28, Z+6	; 0x06
    1522:	d7 81       	ldd	r29, Z+7	; 0x07
    1524:	ce 01       	movw	r24, r28
    1526:	0c 96       	adiw	r24, 0x0c	; 12
    1528:	0e 94 13 03 	call	0x626	; 0x626 <vListRemove>
    152c:	8e 01       	movw	r16, r28
    152e:	0e 5f       	subi	r16, 0xFE	; 254
    1530:	1f 4f       	sbci	r17, 0xFF	; 255
    1532:	c8 01       	movw	r24, r16
    1534:	0e 94 13 03 	call	0x626	; 0x626 <vListRemove>
    1538:	2e 89       	ldd	r18, Y+22	; 0x16
    153a:	80 91 ac 04 	lds	r24, 0x04AC	; 0x8004ac <uxTopReadyPriority>
    153e:	82 17       	cp	r24, r18
    1540:	10 f4       	brcc	.+4      	; 0x1546 <.L75>
    1542:	20 93 ac 04 	sts	0x04AC, r18	; 0x8004ac <uxTopReadyPriority>

00001546 <.L75>:
    1546:	30 e0       	ldi	r19, 0x00	; 0
    1548:	c9 01       	movw	r24, r18
    154a:	88 0f       	add	r24, r24
    154c:	99 1f       	adc	r25, r25
    154e:	88 0f       	add	r24, r24
    1550:	99 1f       	adc	r25, r25
    1552:	88 0f       	add	r24, r24
    1554:	99 1f       	adc	r25, r25
    1556:	82 0f       	add	r24, r18
    1558:	93 1f       	adc	r25, r19
    155a:	b8 01       	movw	r22, r16
    155c:	86 52       	subi	r24, 0x26	; 38
    155e:	9b 4f       	sbci	r25, 0xFB	; 251
    1560:	0e 94 ba 02 	call	0x574	; 0x574 <vListInsertEnd>
    1564:	e0 91 a4 04 	lds	r30, 0x04A4	; 0x8004a4 <pxCurrentTCB>
    1568:	f0 91 a5 04 	lds	r31, 0x04A5	; 0x8004a5 <pxCurrentTCB+0x1>
    156c:	81 e0       	ldi	r24, 0x01	; 1
    156e:	2e 89       	ldd	r18, Y+22	; 0x16
    1570:	96 89       	ldd	r25, Z+22	; 0x16
    1572:	29 17       	cp	r18, r25
    1574:	08 f4       	brcc	.+2      	; 0x1578 <.L76>
    1576:	80 e0       	ldi	r24, 0x00	; 0

00001578 <.L76>:
    1578:	f8 2a       	or	r15, r24
    157a:	80 91 bb 04 	lds	r24, 0x04BB	; 0x8004bb <xPendingReadyList>
    157e:	81 11       	cpse	r24, r1
    1580:	cb cf       	rjmp	.-106    	; 0x1518 <.L77>
    1582:	80 91 a9 04 	lds	r24, 0x04A9	; 0x8004a9 <uxMissedTicks>
    1586:	81 11       	cpse	r24, r1
    1588:	17 c0       	rjmp	.+46     	; 0x15b8 <.L101>
    158a:	81 e0       	ldi	r24, 0x01	; 1
    158c:	f8 16       	cp	r15, r24
    158e:	c1 f0       	breq	.+48     	; 0x15c0 <.L81>

00001590 <.L79>:
    1590:	80 91 a8 04 	lds	r24, 0x04A8	; 0x8004a8 <xMissedYield>
    1594:	81 30       	cpi	r24, 0x01	; 1
    1596:	a1 f0       	breq	.+40     	; 0x15c0 <.L81>

00001598 <.L73>:
    1598:	80 e0       	ldi	r24, 0x00	; 0

0000159a <.L72>:
    159a:	0f 90       	pop	r0
    159c:	0f be       	out	0x3f, r0	; 63
    159e:	df 91       	pop	r29
    15a0:	cf 91       	pop	r28
    15a2:	1f 91       	pop	r17
    15a4:	0f 91       	pop	r16
    15a6:	ff 90       	pop	r15
    15a8:	08 95       	ret

000015aa <.L80>:
    15aa:	0e 94 b4 09 	call	0x1368	; 0x1368 <vTaskIncrementTick>
    15ae:	80 91 a9 04 	lds	r24, 0x04A9	; 0x8004a9 <uxMissedTicks>
    15b2:	81 50       	subi	r24, 0x01	; 1
    15b4:	80 93 a9 04 	sts	0x04A9, r24	; 0x8004a9 <uxMissedTicks>

000015b8 <.L101>:
    15b8:	80 91 a9 04 	lds	r24, 0x04A9	; 0x8004a9 <uxMissedTicks>
    15bc:	81 11       	cpse	r24, r1
    15be:	f5 cf       	rjmp	.-22     	; 0x15aa <.L80>

000015c0 <.L81>:
    15c0:	10 92 a8 04 	sts	0x04A8, r1	; 0x8004a8 <xMissedYield>
    15c4:	0e 94 bd 03 	call	0x77a	; 0x77a <vPortYield>
    15c8:	81 e0       	ldi	r24, 0x01	; 1
    15ca:	e7 cf       	rjmp	.-50     	; 0x159a <.L72>

000015cc <.L74>:
    15cc:	80 91 a9 04 	lds	r24, 0x04A9	; 0x8004a9 <uxMissedTicks>
    15d0:	81 15       	cp	r24, r1
    15d2:	f1 f2       	breq	.-68     	; 0x1590 <.L79>
    15d4:	f1 cf       	rjmp	.-30     	; 0x15b8 <.L101>

000015d6 <vTaskDelayUntil>:
    15d6:	cf 93       	push	r28
    15d8:	df 93       	push	r29
    15da:	fc 01       	movw	r30, r24
    15dc:	90 91 aa 04 	lds	r25, 0x04AA	; 0x8004aa <uxSchedulerSuspended>
    15e0:	9f 5f       	subi	r25, 0xFF	; 255
    15e2:	90 93 aa 04 	sts	0x04AA, r25	; 0x8004aa <uxSchedulerSuspended>
    15e6:	20 81       	ld	r18, Z
    15e8:	31 81       	ldd	r19, Z+1	; 0x01
    15ea:	e9 01       	movw	r28, r18
    15ec:	c6 0f       	add	r28, r22
    15ee:	d7 1f       	adc	r29, r23
    15f0:	80 91 ae 04 	lds	r24, 0x04AE	; 0x8004ae <xTickCount>
    15f4:	90 91 af 04 	lds	r25, 0x04AF	; 0x8004af <xTickCount+0x1>
    15f8:	82 17       	cp	r24, r18
    15fa:	93 07       	cpc	r25, r19
    15fc:	60 f4       	brcc	.+24     	; 0x1616 <.L103>
    15fe:	c2 17       	cp	r28, r18
    1600:	d3 07       	cpc	r29, r19
    1602:	60 f0       	brcs	.+24     	; 0x161c <.L110>

00001604 <.L108>:
    1604:	c0 83       	st	Z, r28
    1606:	d1 83       	std	Z+1, r29	; 0x01
    1608:	0e 94 70 0a 	call	0x14e0	; 0x14e0 <xTaskResumeAll>
    160c:	81 15       	cp	r24, r1
    160e:	e9 f0       	breq	.+58     	; 0x164a <.L111>

00001610 <.L102>:
    1610:	df 91       	pop	r29
    1612:	cf 91       	pop	r28
    1614:	08 95       	ret

00001616 <.L103>:
    1616:	c2 17       	cp	r28, r18
    1618:	d3 07       	cpc	r29, r19
    161a:	38 f0       	brcs	.+14     	; 0x162a <.L106>

0000161c <.L110>:
    161c:	80 91 ae 04 	lds	r24, 0x04AE	; 0x8004ae <xTickCount>
    1620:	90 91 af 04 	lds	r25, 0x04AF	; 0x8004af <xTickCount+0x1>
    1624:	8c 17       	cp	r24, r28
    1626:	9d 07       	cpc	r25, r29
    1628:	68 f7       	brcc	.-38     	; 0x1604 <.L108>

0000162a <.L106>:
    162a:	c0 83       	st	Z, r28
    162c:	d1 83       	std	Z+1, r29	; 0x01
    162e:	80 91 a4 04 	lds	r24, 0x04A4	; 0x8004a4 <pxCurrentTCB>
    1632:	90 91 a5 04 	lds	r25, 0x04A5	; 0x8004a5 <pxCurrentTCB+0x1>
    1636:	02 96       	adiw	r24, 0x02	; 2
    1638:	0e 94 13 03 	call	0x626	; 0x626 <vListRemove>
    163c:	ce 01       	movw	r24, r28
    163e:	0e 94 af 07 	call	0xf5e	; 0xf5e <prvAddCurrentTaskToDelayedList>
    1642:	0e 94 70 0a 	call	0x14e0	; 0x14e0 <xTaskResumeAll>
    1646:	81 11       	cpse	r24, r1
    1648:	e3 cf       	rjmp	.-58     	; 0x1610 <.L102>

0000164a <.L111>:
    164a:	0e 94 bd 03 	call	0x77a	; 0x77a <vPortYield>
    164e:	df 91       	pop	r29
    1650:	cf 91       	pop	r28
    1652:	08 95       	ret

00001654 <vTaskDelay>:
    1654:	cf 93       	push	r28
    1656:	df 93       	push	r29
    1658:	00 d0       	rcall	.+0      	; 0x165a <L0^A>

0000165a <L0^A>:
    165a:	cd b7       	in	r28, 0x3d	; 61
    165c:	de b7       	in	r29, 0x3e	; 62
    165e:	00 97       	sbiw	r24, 0x00	; 0
    1660:	e9 f0       	breq	.+58     	; 0x169c <.L115>
    1662:	20 91 aa 04 	lds	r18, 0x04AA	; 0x8004aa <uxSchedulerSuspended>
    1666:	2f 5f       	subi	r18, 0xFF	; 255
    1668:	20 93 aa 04 	sts	0x04AA, r18	; 0x8004aa <uxSchedulerSuspended>
    166c:	20 91 ae 04 	lds	r18, 0x04AE	; 0x8004ae <xTickCount>
    1670:	30 91 af 04 	lds	r19, 0x04AF	; 0x8004af <xTickCount+0x1>
    1674:	a9 01       	movw	r20, r18
    1676:	48 0f       	add	r20, r24
    1678:	59 1f       	adc	r21, r25
    167a:	49 83       	std	Y+1, r20	; 0x01
    167c:	5a 83       	std	Y+2, r21	; 0x02
    167e:	80 91 a4 04 	lds	r24, 0x04A4	; 0x8004a4 <pxCurrentTCB>
    1682:	90 91 a5 04 	lds	r25, 0x04A5	; 0x8004a5 <pxCurrentTCB+0x1>
    1686:	02 96       	adiw	r24, 0x02	; 2
    1688:	0e 94 13 03 	call	0x626	; 0x626 <vListRemove>
    168c:	89 81       	ldd	r24, Y+1	; 0x01
    168e:	9a 81       	ldd	r25, Y+2	; 0x02
    1690:	0e 94 af 07 	call	0xf5e	; 0xf5e <prvAddCurrentTaskToDelayedList>
    1694:	0e 94 70 0a 	call	0x14e0	; 0x14e0 <xTaskResumeAll>
    1698:	81 11       	cpse	r24, r1
    169a:	02 c0       	rjmp	.+4      	; 0x16a0 <.L112>

0000169c <.L115>:
    169c:	0e 94 bd 03 	call	0x77a	; 0x77a <vPortYield>

000016a0 <.L112>:
    16a0:	0f 90       	pop	r0
    16a2:	0f 90       	pop	r0
    16a4:	df 91       	pop	r29
    16a6:	cf 91       	pop	r28
    16a8:	08 95       	ret

000016aa <prvIdleTask>:
    16aa:	80 91 b1 04 	lds	r24, 0x04B1	; 0x8004b1 <uxTasksDeleted>
    16ae:	81 15       	cp	r24, r1
    16b0:	e1 f3       	breq	.-8      	; 0x16aa <prvIdleTask>

000016b2 <.L127>:
    16b2:	80 91 aa 04 	lds	r24, 0x04AA	; 0x8004aa <uxSchedulerSuspended>
    16b6:	8f 5f       	subi	r24, 0xFF	; 255
    16b8:	80 93 aa 04 	sts	0x04AA, r24	; 0x8004aa <uxSchedulerSuspended>
    16bc:	c0 91 b2 04 	lds	r28, 0x04B2	; 0x8004b2 <xTasksWaitingTermination>
    16c0:	0e 94 70 0a 	call	0x14e0	; 0x14e0 <xTaskResumeAll>
    16c4:	c1 15       	cp	r28, r1
    16c6:	89 f3       	breq	.-30     	; 0x16aa <prvIdleTask>
    16c8:	0f b6       	in	r0, 0x3f	; 63
    16ca:	f8 94       	cli
    16cc:	0f 92       	push	r0
    16ce:	e0 91 b7 04 	lds	r30, 0x04B7	; 0x8004b7 <xTasksWaitingTermination+0x5>
    16d2:	f0 91 b8 04 	lds	r31, 0x04B8	; 0x8004b8 <xTasksWaitingTermination+0x6>
    16d6:	c6 81       	ldd	r28, Z+6	; 0x06
    16d8:	d7 81       	ldd	r29, Z+7	; 0x07
    16da:	ce 01       	movw	r24, r28
    16dc:	02 96       	adiw	r24, 0x02	; 2
    16de:	0e 94 13 03 	call	0x626	; 0x626 <vListRemove>
    16e2:	80 91 b0 04 	lds	r24, 0x04B0	; 0x8004b0 <uxCurrentNumberOfTasks>
    16e6:	81 50       	subi	r24, 0x01	; 1
    16e8:	80 93 b0 04 	sts	0x04B0, r24	; 0x8004b0 <uxCurrentNumberOfTasks>
    16ec:	80 91 b1 04 	lds	r24, 0x04B1	; 0x8004b1 <uxTasksDeleted>
    16f0:	81 50       	subi	r24, 0x01	; 1
    16f2:	80 93 b1 04 	sts	0x04B1, r24	; 0x8004b1 <uxTasksDeleted>
    16f6:	0f 90       	pop	r0
    16f8:	0f be       	out	0x3f, r0	; 63
    16fa:	8f 89       	ldd	r24, Y+23	; 0x17
    16fc:	98 8d       	ldd	r25, Y+24	; 0x18
    16fe:	0e 94 97 02 	call	0x52e	; 0x52e <vPortFree>
    1702:	ce 01       	movw	r24, r28
    1704:	0e 94 97 02 	call	0x52e	; 0x52e <vPortFree>
    1708:	80 91 b1 04 	lds	r24, 0x04B1	; 0x8004b1 <uxTasksDeleted>
    170c:	81 15       	cp	r24, r1
    170e:	69 f2       	breq	.-102    	; 0x16aa <prvIdleTask>
    1710:	d0 cf       	rjmp	.-96     	; 0x16b2 <.L127>

00001712 <vTaskSwitchContext>:
    1712:	80 91 aa 04 	lds	r24, 0x04AA	; 0x8004aa <uxSchedulerSuspended>
    1716:	81 15       	cp	r24, r1
    1718:	49 f0       	breq	.+18     	; 0x172c <.L141>
    171a:	81 e0       	ldi	r24, 0x01	; 1
    171c:	80 93 a8 04 	sts	0x04A8, r24	; 0x8004a8 <xMissedYield>
    1720:	08 95       	ret

00001722 <.L130>:
    1722:	80 91 ac 04 	lds	r24, 0x04AC	; 0x8004ac <uxTopReadyPriority>
    1726:	81 50       	subi	r24, 0x01	; 1
    1728:	80 93 ac 04 	sts	0x04AC, r24	; 0x8004ac <uxTopReadyPriority>

0000172c <.L141>:
    172c:	80 91 ac 04 	lds	r24, 0x04AC	; 0x8004ac <uxTopReadyPriority>
    1730:	90 e0       	ldi	r25, 0x00	; 0
    1732:	fc 01       	movw	r30, r24
    1734:	ee 0f       	add	r30, r30
    1736:	ff 1f       	adc	r31, r31
    1738:	ee 0f       	add	r30, r30
    173a:	ff 1f       	adc	r31, r31
    173c:	ee 0f       	add	r30, r30
    173e:	ff 1f       	adc	r31, r31
    1740:	e8 0f       	add	r30, r24
    1742:	f9 1f       	adc	r31, r25
    1744:	e6 52       	subi	r30, 0x26	; 38
    1746:	fb 4f       	sbci	r31, 0xFB	; 251
    1748:	80 81       	ld	r24, Z
    174a:	81 15       	cp	r24, r1
    174c:	51 f3       	breq	.-44     	; 0x1722 <.L130>
    174e:	20 91 ac 04 	lds	r18, 0x04AC	; 0x8004ac <uxTopReadyPriority>
    1752:	30 e0       	ldi	r19, 0x00	; 0
    1754:	c9 01       	movw	r24, r18
    1756:	88 0f       	add	r24, r24
    1758:	99 1f       	adc	r25, r25
    175a:	88 0f       	add	r24, r24
    175c:	99 1f       	adc	r25, r25
    175e:	88 0f       	add	r24, r24
    1760:	99 1f       	adc	r25, r25
    1762:	82 0f       	add	r24, r18
    1764:	93 1f       	adc	r25, r19
    1766:	dc 01       	movw	r26, r24
    1768:	a6 52       	subi	r26, 0x26	; 38
    176a:	bb 4f       	sbci	r27, 0xFB	; 251
    176c:	11 96       	adiw	r26, 0x01	; 1
    176e:	ed 91       	ld	r30, X+
    1770:	fd 91       	ld	r31, X+
    1772:	02 80       	ldd	r0, Z+2	; 0x02
    1774:	f3 81       	ldd	r31, Z+3	; 0x03
    1776:	e0 2d       	mov	r30, r0
    1778:	fe 93       	st	-X, r31
    177a:	ee 93       	st	-X, r30
    177c:	11 97       	sbiw	r26, 0x01	; 1
    177e:	83 52       	subi	r24, 0x23	; 35
    1780:	9b 4f       	sbci	r25, 0xFB	; 251
    1782:	e8 17       	cp	r30, r24
    1784:	f9 07       	cpc	r31, r25
    1786:	39 f0       	breq	.+14     	; 0x1796 <.L142>
    1788:	86 81       	ldd	r24, Z+6	; 0x06
    178a:	97 81       	ldd	r25, Z+7	; 0x07
    178c:	90 93 a5 04 	sts	0x04A5, r25	; 0x8004a5 <pxCurrentTCB+0x1>
    1790:	80 93 a4 04 	sts	0x04A4, r24	; 0x8004a4 <pxCurrentTCB>
    1794:	08 95       	ret

00001796 <.L142>:
    1796:	02 80       	ldd	r0, Z+2	; 0x02
    1798:	f3 81       	ldd	r31, Z+3	; 0x03
    179a:	e0 2d       	mov	r30, r0
    179c:	11 96       	adiw	r26, 0x01	; 1
    179e:	ed 93       	st	X+, r30
    17a0:	fd 93       	st	X+, r31
    17a2:	86 81       	ldd	r24, Z+6	; 0x06
    17a4:	97 81       	ldd	r25, Z+7	; 0x07
    17a6:	90 93 a5 04 	sts	0x04A5, r25	; 0x8004a5 <pxCurrentTCB+0x1>
    17aa:	80 93 a4 04 	sts	0x04A4, r24	; 0x8004a4 <pxCurrentTCB>
    17ae:	08 95       	ret

000017b0 <vTaskPlaceOnEventList>:
    17b0:	cf 93       	push	r28
    17b2:	df 93       	push	r29
    17b4:	00 d0       	rcall	.+0      	; 0x17b6 <L0^A>

000017b6 <L0^A>:
    17b6:	cd b7       	in	r28, 0x3d	; 61
    17b8:	de b7       	in	r29, 0x3e	; 62
    17ba:	69 83       	std	Y+1, r22	; 0x01
    17bc:	7a 83       	std	Y+2, r23	; 0x02
    17be:	60 91 a4 04 	lds	r22, 0x04A4	; 0x8004a4 <pxCurrentTCB>
    17c2:	70 91 a5 04 	lds	r23, 0x04A5	; 0x8004a5 <pxCurrentTCB+0x1>
    17c6:	64 5f       	subi	r22, 0xF4	; 244
    17c8:	7f 4f       	sbci	r23, 0xFF	; 255
    17ca:	0e 94 db 02 	call	0x5b6	; 0x5b6 <vListInsert>
    17ce:	80 91 a4 04 	lds	r24, 0x04A4	; 0x8004a4 <pxCurrentTCB>
    17d2:	90 91 a5 04 	lds	r25, 0x04A5	; 0x8004a5 <pxCurrentTCB+0x1>
    17d6:	02 96       	adiw	r24, 0x02	; 2
    17d8:	0e 94 13 03 	call	0x626	; 0x626 <vListRemove>
    17dc:	80 91 ae 04 	lds	r24, 0x04AE	; 0x8004ae <xTickCount>
    17e0:	90 91 af 04 	lds	r25, 0x04AF	; 0x8004af <xTickCount+0x1>
    17e4:	29 81       	ldd	r18, Y+1	; 0x01
    17e6:	3a 81       	ldd	r19, Y+2	; 0x02
    17e8:	82 0f       	add	r24, r18
    17ea:	93 1f       	adc	r25, r19
    17ec:	0f 90       	pop	r0
    17ee:	0f 90       	pop	r0
    17f0:	df 91       	pop	r29
    17f2:	cf 91       	pop	r28
    17f4:	0c 94 af 07 	jmp	0xf5e	; 0xf5e <prvAddCurrentTaskToDelayedList>

000017f8 <xTaskRemoveFromEventList>:
    17f8:	0f 93       	push	r16
    17fa:	1f 93       	push	r17
    17fc:	cf 93       	push	r28
    17fe:	df 93       	push	r29
    1800:	fc 01       	movw	r30, r24
    1802:	05 80       	ldd	r0, Z+5	; 0x05
    1804:	f6 81       	ldd	r31, Z+6	; 0x06
    1806:	e0 2d       	mov	r30, r0
    1808:	c6 81       	ldd	r28, Z+6	; 0x06
    180a:	d7 81       	ldd	r29, Z+7	; 0x07
    180c:	8e 01       	movw	r16, r28
    180e:	04 5f       	subi	r16, 0xF4	; 244
    1810:	1f 4f       	sbci	r17, 0xFF	; 255
    1812:	c8 01       	movw	r24, r16
    1814:	0e 94 13 03 	call	0x626	; 0x626 <vListRemove>
    1818:	80 91 aa 04 	lds	r24, 0x04AA	; 0x8004aa <uxSchedulerSuspended>
    181c:	81 11       	cpse	r24, r1
    181e:	28 c0       	rjmp	.+80     	; 0x1870 <.L145>
    1820:	0a 50       	subi	r16, 0x0A	; 10
    1822:	11 09       	sbc	r17, r1
    1824:	c8 01       	movw	r24, r16
    1826:	0e 94 13 03 	call	0x626	; 0x626 <vListRemove>
    182a:	2e 89       	ldd	r18, Y+22	; 0x16
    182c:	80 91 ac 04 	lds	r24, 0x04AC	; 0x8004ac <uxTopReadyPriority>
    1830:	82 17       	cp	r24, r18
    1832:	20 f1       	brcs	.+72     	; 0x187c <.L149>

00001834 <.L146>:
    1834:	30 e0       	ldi	r19, 0x00	; 0
    1836:	c9 01       	movw	r24, r18
    1838:	88 0f       	add	r24, r24
    183a:	99 1f       	adc	r25, r25
    183c:	88 0f       	add	r24, r24
    183e:	99 1f       	adc	r25, r25
    1840:	88 0f       	add	r24, r24
    1842:	99 1f       	adc	r25, r25
    1844:	82 0f       	add	r24, r18
    1846:	93 1f       	adc	r25, r19
    1848:	b8 01       	movw	r22, r16
    184a:	86 52       	subi	r24, 0x26	; 38
    184c:	9b 4f       	sbci	r25, 0xFB	; 251
    184e:	0e 94 ba 02 	call	0x574	; 0x574 <vListInsertEnd>

00001852 <.L147>:
    1852:	e0 91 a4 04 	lds	r30, 0x04A4	; 0x8004a4 <pxCurrentTCB>
    1856:	f0 91 a5 04 	lds	r31, 0x04A5	; 0x8004a5 <pxCurrentTCB+0x1>
    185a:	81 e0       	ldi	r24, 0x01	; 1
    185c:	2e 89       	ldd	r18, Y+22	; 0x16
    185e:	96 89       	ldd	r25, Z+22	; 0x16
    1860:	29 17       	cp	r18, r25
    1862:	08 f4       	brcc	.+2      	; 0x1866 <.L148>
    1864:	80 e0       	ldi	r24, 0x00	; 0

00001866 <.L148>:
    1866:	df 91       	pop	r29
    1868:	cf 91       	pop	r28
    186a:	1f 91       	pop	r17
    186c:	0f 91       	pop	r16
    186e:	08 95       	ret

00001870 <.L145>:
    1870:	b8 01       	movw	r22, r16
    1872:	8b eb       	ldi	r24, 0xBB	; 187
    1874:	94 e0       	ldi	r25, 0x04	; 4
    1876:	0e 94 ba 02 	call	0x574	; 0x574 <vListInsertEnd>
    187a:	eb cf       	rjmp	.-42     	; 0x1852 <.L147>

0000187c <.L149>:
    187c:	20 93 ac 04 	sts	0x04AC, r18	; 0x8004ac <uxTopReadyPriority>
    1880:	d9 cf       	rjmp	.-78     	; 0x1834 <.L146>

00001882 <vTaskSetTimeOutState>:
    1882:	20 91 a7 04 	lds	r18, 0x04A7	; 0x8004a7 <xNumOfOverflows>
    1886:	fc 01       	movw	r30, r24
    1888:	20 83       	st	Z, r18
    188a:	20 91 ae 04 	lds	r18, 0x04AE	; 0x8004ae <xTickCount>
    188e:	30 91 af 04 	lds	r19, 0x04AF	; 0x8004af <xTickCount+0x1>
    1892:	21 83       	std	Z+1, r18	; 0x01
    1894:	32 83       	std	Z+2, r19	; 0x02
    1896:	08 95       	ret

00001898 <xTaskCheckForTimeOut>:
    1898:	fc 01       	movw	r30, r24
    189a:	0f b6       	in	r0, 0x3f	; 63
    189c:	f8 94       	cli
    189e:	0f 92       	push	r0
    18a0:	80 91 a7 04 	lds	r24, 0x04A7	; 0x8004a7 <xNumOfOverflows>
    18a4:	41 81       	ldd	r20, Z+1	; 0x01
    18a6:	52 81       	ldd	r21, Z+2	; 0x02
    18a8:	90 81       	ld	r25, Z
    18aa:	98 17       	cp	r25, r24
    18ac:	59 f0       	breq	.+22     	; 0x18c4 <.L152>
    18ae:	80 91 ae 04 	lds	r24, 0x04AE	; 0x8004ae <xTickCount>
    18b2:	90 91 af 04 	lds	r25, 0x04AF	; 0x8004af <xTickCount+0x1>
    18b6:	84 17       	cp	r24, r20
    18b8:	95 07       	cpc	r25, r21
    18ba:	20 f0       	brcs	.+8      	; 0x18c4 <.L152>

000018bc <.L155>:
    18bc:	81 e0       	ldi	r24, 0x01	; 1
    18be:	0f 90       	pop	r0
    18c0:	0f be       	out	0x3f, r0	; 63
    18c2:	08 95       	ret

000018c4 <.L152>:
    18c4:	20 91 ae 04 	lds	r18, 0x04AE	; 0x8004ae <xTickCount>
    18c8:	30 91 af 04 	lds	r19, 0x04AF	; 0x8004af <xTickCount+0x1>
    18cc:	db 01       	movw	r26, r22
    18ce:	8d 91       	ld	r24, X+
    18d0:	9d 91       	ld	r25, X+
    18d2:	12 97       	sbiw	r26, 0x02	; 2
    18d4:	24 1b       	sub	r18, r20
    18d6:	35 0b       	sbc	r19, r21
    18d8:	28 17       	cp	r18, r24
    18da:	39 07       	cpc	r19, r25
    18dc:	78 f7       	brcc	.-34     	; 0x18bc <.L155>
    18de:	20 91 ae 04 	lds	r18, 0x04AE	; 0x8004ae <xTickCount>
    18e2:	30 91 af 04 	lds	r19, 0x04AF	; 0x8004af <xTickCount+0x1>
    18e6:	82 1b       	sub	r24, r18
    18e8:	93 0b       	sbc	r25, r19
    18ea:	84 0f       	add	r24, r20
    18ec:	95 1f       	adc	r25, r21
    18ee:	8d 93       	st	X+, r24
    18f0:	9d 93       	st	X+, r25
    18f2:	80 91 a7 04 	lds	r24, 0x04A7	; 0x8004a7 <xNumOfOverflows>
    18f6:	80 83       	st	Z, r24
    18f8:	80 91 ae 04 	lds	r24, 0x04AE	; 0x8004ae <xTickCount>
    18fc:	90 91 af 04 	lds	r25, 0x04AF	; 0x8004af <xTickCount+0x1>
    1900:	81 83       	std	Z+1, r24	; 0x01
    1902:	92 83       	std	Z+2, r25	; 0x02
    1904:	80 e0       	ldi	r24, 0x00	; 0
    1906:	0f 90       	pop	r0
    1908:	0f be       	out	0x3f, r0	; 63
    190a:	08 95       	ret

0000190c <vTaskMissedYield>:
    190c:	81 e0       	ldi	r24, 0x01	; 1
    190e:	80 93 a8 04 	sts	0x04A8, r24	; 0x8004a8 <xMissedYield>
    1912:	08 95       	ret

00001914 <SSD_voidInitialDataPort>:
    1914:	6f ef       	ldi	r22, 0xFF	; 255
    1916:	80 e0       	ldi	r24, 0x00	; 0
    1918:	0e 94 0c 10 	call	0x2018	; 0x2018 <DIO_voidSetPortDirection>
    191c:	41 e0       	ldi	r20, 0x01	; 1
    191e:	67 e0       	ldi	r22, 0x07	; 7
    1920:	80 e0       	ldi	r24, 0x00	; 0
    1922:	0c 94 9b 0f 	jmp	0x1f36	; 0x1f36 <DIO_voidSetPinDirection>

00001926 <SSD_voidSendNumber>:
    1926:	8a 30       	cpi	r24, 0x0A	; 10
    1928:	08 f0       	brcs	.+2      	; 0x192c <.L5>
    192a:	08 95       	ret

0000192c <.L5>:
    192c:	e8 2f       	mov	r30, r24
    192e:	f0 e0       	ldi	r31, 0x00	; 0
    1930:	e8 59       	subi	r30, 0x98	; 152
    1932:	ff 4f       	sbci	r31, 0xFF	; 255
    1934:	60 81       	ld	r22, Z
    1936:	80 e0       	ldi	r24, 0x00	; 0
    1938:	0c 94 fc 0f 	jmp	0x1ff8	; 0x1ff8 <DIO_voidSetPortValue>

0000193c <SSD_voidEnable>:
    193c:	41 e0       	ldi	r20, 0x01	; 1
    193e:	67 e0       	ldi	r22, 0x07	; 7
    1940:	80 e0       	ldi	r24, 0x00	; 0
    1942:	0c 94 55 0f 	jmp	0x1eaa	; 0x1eaa <DIO_voidSetPinValue>

00001946 <SSD_voidDisable>:
    1946:	40 e0       	ldi	r20, 0x00	; 0
    1948:	67 e0       	ldi	r22, 0x07	; 7
    194a:	80 e0       	ldi	r24, 0x00	; 0
    194c:	0c 94 55 0f 	jmp	0x1eaa	; 0x1eaa <DIO_voidSetPinValue>

00001950 <KPD3x3_voidInit>:
    1950:	cf 93       	push	r28
    1952:	df 93       	push	r29
    1954:	c5 e6       	ldi	r28, 0x65	; 101
    1956:	d0 e0       	ldi	r29, 0x00	; 0

00001958 <.L2>:
    1958:	69 91       	ld	r22, Y+
    195a:	41 e0       	ldi	r20, 0x01	; 1
    195c:	83 e0       	ldi	r24, 0x03	; 3
    195e:	0e 94 9b 0f 	call	0x1f36	; 0x1f36 <DIO_voidSetPinDirection>
    1962:	fe 01       	movw	r30, r28
    1964:	41 e0       	ldi	r20, 0x01	; 1
    1966:	62 91       	ld	r22, -Z
    1968:	83 e0       	ldi	r24, 0x03	; 3
    196a:	0e 94 55 0f 	call	0x1eaa	; 0x1eaa <DIO_voidSetPinValue>
    196e:	80 e0       	ldi	r24, 0x00	; 0
    1970:	c8 36       	cpi	r28, 0x68	; 104
    1972:	d8 07       	cpc	r29, r24
    1974:	89 f7       	brne	.-30     	; 0x1958 <.L2>
    1976:	c2 e6       	ldi	r28, 0x62	; 98
    1978:	d0 e0       	ldi	r29, 0x00	; 0

0000197a <.L3>:
    197a:	69 91       	ld	r22, Y+
    197c:	40 e0       	ldi	r20, 0x00	; 0
    197e:	83 e0       	ldi	r24, 0x03	; 3
    1980:	0e 94 9b 0f 	call	0x1f36	; 0x1f36 <DIO_voidSetPinDirection>
    1984:	fe 01       	movw	r30, r28
    1986:	41 e0       	ldi	r20, 0x01	; 1
    1988:	62 91       	ld	r22, -Z
    198a:	83 e0       	ldi	r24, 0x03	; 3
    198c:	0e 94 55 0f 	call	0x1eaa	; 0x1eaa <DIO_voidSetPinValue>
    1990:	80 e0       	ldi	r24, 0x00	; 0
    1992:	c5 36       	cpi	r28, 0x65	; 101
    1994:	d8 07       	cpc	r29, r24
    1996:	89 f7       	brne	.-30     	; 0x197a <.L3>
    1998:	df 91       	pop	r29
    199a:	cf 91       	pop	r28
    199c:	08 95       	ret

0000199e <KPD3x3_u8GetKey>:
    199e:	af 92       	push	r10
    19a0:	bf 92       	push	r11
    19a2:	cf 92       	push	r12
    19a4:	df 92       	push	r13
    19a6:	ef 92       	push	r14
    19a8:	ff 92       	push	r15
    19aa:	0f 93       	push	r16
    19ac:	1f 93       	push	r17
    19ae:	cf 93       	push	r28
    19b0:	df 93       	push	r29
    19b2:	cd b7       	in	r28, 0x3d	; 61
    19b4:	de b7       	in	r29, 0x3e	; 62
    19b6:	2a 97       	sbiw	r28, 0x0a	; 10
    19b8:	0f b6       	in	r0, 0x3f	; 63
    19ba:	f8 94       	cli
    19bc:	de bf       	out	0x3e, r29	; 62
    19be:	0f be       	out	0x3f, r0	; 63
    19c0:	cd bf       	out	0x3d, r28	; 61
    19c2:	89 e0       	ldi	r24, 0x09	; 9
    19c4:	e2 e7       	ldi	r30, 0x72	; 114
    19c6:	f0 e0       	ldi	r31, 0x00	; 0
    19c8:	de 01       	movw	r26, r28
    19ca:	11 96       	adiw	r26, 0x01	; 1

000019cc <.L0^B1>:
    19cc:	01 90       	ld	r0, Z+
    19ce:	0d 92       	st	X+, r0
    19d0:	8a 95       	dec	r24
    19d2:	e1 f7       	brne	.-8      	; 0x19cc <.L0^B1>
    19d4:	81 e0       	ldi	r24, 0x01	; 1
    19d6:	8a 87       	std	Y+10, r24	; 0x0a
    19d8:	45 e6       	ldi	r20, 0x65	; 101
    19da:	a4 2e       	mov	r10, r20
    19dc:	40 e0       	ldi	r20, 0x00	; 0
    19de:	b4 2e       	mov	r11, r20
    19e0:	c1 2c       	mov	r12, r1
    19e2:	d1 2c       	mov	r13, r1

000019e4 <.L12>:
    19e4:	40 e0       	ldi	r20, 0x00	; 0
    19e6:	f5 01       	movw	r30, r10
    19e8:	60 81       	ld	r22, Z
    19ea:	83 e0       	ldi	r24, 0x03	; 3
    19ec:	0e 94 55 0f 	call	0x1eaa	; 0x1eaa <DIO_voidSetPinValue>
    19f0:	32 e6       	ldi	r19, 0x62	; 98
    19f2:	e3 2e       	mov	r14, r19
    19f4:	30 e0       	ldi	r19, 0x00	; 0
    19f6:	f3 2e       	mov	r15, r19
    19f8:	00 e0       	ldi	r16, 0x00	; 0
    19fa:	10 e0       	ldi	r17, 0x00	; 0

000019fc <.L11>:
    19fc:	f7 01       	movw	r30, r14
    19fe:	61 91       	ld	r22, Z+
    1a00:	7f 01       	movw	r14, r30
    1a02:	ae 01       	movw	r20, r28
    1a04:	46 5f       	subi	r20, 0xF6	; 246
    1a06:	5f 4f       	sbci	r21, 0xFF	; 255
    1a08:	83 e0       	ldi	r24, 0x03	; 3
    1a0a:	0e 94 e1 0f 	call	0x1fc2	; 0x1fc2 <DIO_voidGetPinValue>
    1a0e:	8a 85       	ldd	r24, Y+10	; 0x0a
    1a10:	81 15       	cp	r24, r1
    1a12:	41 f1       	breq	.+80     	; 0x1a64 <.L17>

00001a14 <.L8>:
    1a14:	0f 5f       	subi	r16, 0xFF	; 255
    1a16:	1f 4f       	sbci	r17, 0xFF	; 255
    1a18:	03 30       	cpi	r16, 0x03	; 3
    1a1a:	11 05       	cpc	r17, r1
    1a1c:	79 f7       	brne	.-34     	; 0x19fc <.L11>
    1a1e:	ff ef       	ldi	r31, 0xFF	; 255
    1a20:	af 1a       	sub	r10, r31
    1a22:	bf 0a       	sbc	r11, r31
    1a24:	f5 01       	movw	r30, r10
    1a26:	41 e0       	ldi	r20, 0x01	; 1
    1a28:	62 91       	ld	r22, -Z
    1a2a:	83 e0       	ldi	r24, 0x03	; 3
    1a2c:	0e 94 55 0f 	call	0x1eaa	; 0x1eaa <DIO_voidSetPinValue>
    1a30:	8f ef       	ldi	r24, 0xFF	; 255
    1a32:	c8 1a       	sub	r12, r24
    1a34:	d8 0a       	sbc	r13, r24
    1a36:	93 e0       	ldi	r25, 0x03	; 3
    1a38:	c9 16       	cp	r12, r25
    1a3a:	d1 04       	cpc	r13, r1
    1a3c:	99 f6       	brne	.-90     	; 0x19e4 <.L12>
    1a3e:	f1 2c       	mov	r15, r1

00001a40 <.L7>:
    1a40:	8f 2d       	mov	r24, r15
    1a42:	2a 96       	adiw	r28, 0x0a	; 10
    1a44:	0f b6       	in	r0, 0x3f	; 63
    1a46:	f8 94       	cli
    1a48:	de bf       	out	0x3e, r29	; 62
    1a4a:	0f be       	out	0x3f, r0	; 63
    1a4c:	cd bf       	out	0x3d, r28	; 61
    1a4e:	df 91       	pop	r29
    1a50:	cf 91       	pop	r28
    1a52:	1f 91       	pop	r17
    1a54:	0f 91       	pop	r16
    1a56:	ff 90       	pop	r15
    1a58:	ef 90       	pop	r14
    1a5a:	df 90       	pop	r13
    1a5c:	cf 90       	pop	r12
    1a5e:	bf 90       	pop	r11
    1a60:	af 90       	pop	r10
    1a62:	08 95       	ret

00001a64 <.L17>:
    1a64:	8f e5       	ldi	r24, 0x5F	; 95
    1a66:	9a ee       	ldi	r25, 0xEA	; 234

00001a68 <.L1^B1>:
    1a68:	01 97       	sbiw	r24, 0x01	; 1
    1a6a:	f1 f7       	brne	.-4      	; 0x1a68 <.L1^B1>
    1a6c:	00 c0       	rjmp	.+0      	; 0x1a6e <L0^A>

00001a6e <L0^A>:
    1a6e:	00 00       	nop
    1a70:	ae 01       	movw	r20, r28
    1a72:	46 5f       	subi	r20, 0xF6	; 246
    1a74:	5f 4f       	sbci	r21, 0xFF	; 255
    1a76:	f7 01       	movw	r30, r14
    1a78:	62 91       	ld	r22, -Z
    1a7a:	83 e0       	ldi	r24, 0x03	; 3
    1a7c:	0e 94 e1 0f 	call	0x1fc2	; 0x1fc2 <DIO_voidGetPinValue>
    1a80:	8a 85       	ldd	r24, Y+10	; 0x0a
    1a82:	81 11       	cpse	r24, r1
    1a84:	c7 cf       	rjmp	.-114    	; 0x1a14 <.L8>
    1a86:	c8 01       	movw	r24, r16
    1a88:	88 0f       	add	r24, r24
    1a8a:	99 1f       	adc	r25, r25
    1a8c:	80 0f       	add	r24, r16
    1a8e:	91 1f       	adc	r25, r17
    1a90:	fe 01       	movw	r30, r28
    1a92:	31 96       	adiw	r30, 0x01	; 1
    1a94:	e8 0f       	add	r30, r24
    1a96:	f9 1f       	adc	r31, r25
    1a98:	ec 0d       	add	r30, r12
    1a9a:	fd 1d       	adc	r31, r13
    1a9c:	f0 80       	ld	r15, Z
    1a9e:	0e 59       	subi	r16, 0x9E	; 158
    1aa0:	1f 4f       	sbci	r17, 0xFF	; 255

00001aa2 <.L9>:
    1aa2:	ae 01       	movw	r20, r28
    1aa4:	46 5f       	subi	r20, 0xF6	; 246
    1aa6:	5f 4f       	sbci	r21, 0xFF	; 255
    1aa8:	f8 01       	movw	r30, r16
    1aaa:	60 81       	ld	r22, Z
    1aac:	83 e0       	ldi	r24, 0x03	; 3
    1aae:	0e 94 e1 0f 	call	0x1fc2	; 0x1fc2 <DIO_voidGetPinValue>
    1ab2:	8a 85       	ldd	r24, Y+10	; 0x0a
    1ab4:	81 15       	cp	r24, r1
    1ab6:	a9 f3       	breq	.-22     	; 0x1aa2 <.L9>
    1ab8:	f6 01       	movw	r30, r12
    1aba:	eb 59       	subi	r30, 0x9B	; 155
    1abc:	ff 4f       	sbci	r31, 0xFF	; 255
    1abe:	41 e0       	ldi	r20, 0x01	; 1
    1ac0:	60 81       	ld	r22, Z
    1ac2:	83 e0       	ldi	r24, 0x03	; 3
    1ac4:	0e 94 55 0f 	call	0x1eaa	; 0x1eaa <DIO_voidSetPinValue>
    1ac8:	bb cf       	rjmp	.-138    	; 0x1a40 <.L7>

00001aca <LCD_voidSendData>:
    1aca:	cf 93       	push	r28
    1acc:	df 93       	push	r29
    1ace:	0f 92       	push	r0
    1ad0:	cd b7       	in	r28, 0x3d	; 61
    1ad2:	de b7       	in	r29, 0x3e	; 62
    1ad4:	89 83       	std	Y+1, r24	; 0x01
    1ad6:	41 e0       	ldi	r20, 0x01	; 1
    1ad8:	61 e0       	ldi	r22, 0x01	; 1
    1ada:	82 e0       	ldi	r24, 0x02	; 2
    1adc:	0e 94 55 0f 	call	0x1eaa	; 0x1eaa <DIO_voidSetPinValue>
    1ae0:	69 81       	ldd	r22, Y+1	; 0x01
    1ae2:	81 e0       	ldi	r24, 0x01	; 1
    1ae4:	0e 94 fc 0f 	call	0x1ff8	; 0x1ff8 <DIO_voidSetPortValue>
    1ae8:	41 e0       	ldi	r20, 0x01	; 1
    1aea:	60 e0       	ldi	r22, 0x00	; 0
    1aec:	82 e0       	ldi	r24, 0x02	; 2
    1aee:	0e 94 55 0f 	call	0x1eaa	; 0x1eaa <DIO_voidSetPinValue>
    1af2:	8f e9       	ldi	r24, 0x9F	; 159
    1af4:	9f e0       	ldi	r25, 0x0F	; 15

00001af6 <.L1^B1>:
    1af6:	01 97       	sbiw	r24, 0x01	; 1
    1af8:	f1 f7       	brne	.-4      	; 0x1af6 <.L1^B1>
    1afa:	00 c0       	rjmp	.+0      	; 0x1afc <L0^A>

00001afc <L0^A>:
    1afc:	00 00       	nop
    1afe:	40 e0       	ldi	r20, 0x00	; 0
    1b00:	60 e0       	ldi	r22, 0x00	; 0
    1b02:	82 e0       	ldi	r24, 0x02	; 2
    1b04:	0e 94 55 0f 	call	0x1eaa	; 0x1eaa <DIO_voidSetPinValue>
    1b08:	8f e9       	ldi	r24, 0x9F	; 159
    1b0a:	9f e0       	ldi	r25, 0x0F	; 15

00001b0c <.L1^B2>:
    1b0c:	01 97       	sbiw	r24, 0x01	; 1
    1b0e:	f1 f7       	brne	.-4      	; 0x1b0c <.L1^B2>
    1b10:	00 c0       	rjmp	.+0      	; 0x1b12 <L0^A>

00001b12 <L0^A>:
    1b12:	00 00       	nop
    1b14:	0f 90       	pop	r0
    1b16:	df 91       	pop	r29
    1b18:	cf 91       	pop	r28
    1b1a:	08 95       	ret

00001b1c <LCD_voidSendCommand>:
    1b1c:	cf 93       	push	r28
    1b1e:	df 93       	push	r29
    1b20:	0f 92       	push	r0
    1b22:	cd b7       	in	r28, 0x3d	; 61
    1b24:	de b7       	in	r29, 0x3e	; 62
    1b26:	89 83       	std	Y+1, r24	; 0x01
    1b28:	40 e0       	ldi	r20, 0x00	; 0
    1b2a:	61 e0       	ldi	r22, 0x01	; 1
    1b2c:	82 e0       	ldi	r24, 0x02	; 2
    1b2e:	0e 94 55 0f 	call	0x1eaa	; 0x1eaa <DIO_voidSetPinValue>
    1b32:	69 81       	ldd	r22, Y+1	; 0x01
    1b34:	81 e0       	ldi	r24, 0x01	; 1
    1b36:	0e 94 fc 0f 	call	0x1ff8	; 0x1ff8 <DIO_voidSetPortValue>
    1b3a:	41 e0       	ldi	r20, 0x01	; 1
    1b3c:	60 e0       	ldi	r22, 0x00	; 0
    1b3e:	82 e0       	ldi	r24, 0x02	; 2
    1b40:	0e 94 55 0f 	call	0x1eaa	; 0x1eaa <DIO_voidSetPinValue>
    1b44:	8f e9       	ldi	r24, 0x9F	; 159
    1b46:	9f e0       	ldi	r25, 0x0F	; 15

00001b48 <.L1^B3>:
    1b48:	01 97       	sbiw	r24, 0x01	; 1
    1b4a:	f1 f7       	brne	.-4      	; 0x1b48 <.L1^B3>
    1b4c:	00 c0       	rjmp	.+0      	; 0x1b4e <L0^A>

00001b4e <L0^A>:
    1b4e:	00 00       	nop
    1b50:	40 e0       	ldi	r20, 0x00	; 0
    1b52:	60 e0       	ldi	r22, 0x00	; 0
    1b54:	82 e0       	ldi	r24, 0x02	; 2
    1b56:	0e 94 55 0f 	call	0x1eaa	; 0x1eaa <DIO_voidSetPinValue>
    1b5a:	8f e9       	ldi	r24, 0x9F	; 159
    1b5c:	9f e0       	ldi	r25, 0x0F	; 15

00001b5e <.L1^B4>:
    1b5e:	01 97       	sbiw	r24, 0x01	; 1
    1b60:	f1 f7       	brne	.-4      	; 0x1b5e <.L1^B4>
    1b62:	00 c0       	rjmp	.+0      	; 0x1b64 <L0^A>

00001b64 <L0^A>:
    1b64:	00 00       	nop
    1b66:	0f 90       	pop	r0
    1b68:	df 91       	pop	r29
    1b6a:	cf 91       	pop	r28
    1b6c:	08 95       	ret

00001b6e <LCD_voidInit>:
    1b6e:	61 e0       	ldi	r22, 0x01	; 1
    1b70:	81 e0       	ldi	r24, 0x01	; 1
    1b72:	0e 94 0c 10 	call	0x2018	; 0x2018 <DIO_voidSetPortDirection>
    1b76:	41 e0       	ldi	r20, 0x01	; 1
    1b78:	60 e0       	ldi	r22, 0x00	; 0
    1b7a:	82 e0       	ldi	r24, 0x02	; 2
    1b7c:	0e 94 9b 0f 	call	0x1f36	; 0x1f36 <DIO_voidSetPinDirection>
    1b80:	41 e0       	ldi	r20, 0x01	; 1
    1b82:	61 e0       	ldi	r22, 0x01	; 1
    1b84:	82 e0       	ldi	r24, 0x02	; 2
    1b86:	0e 94 9b 0f 	call	0x1f36	; 0x1f36 <DIO_voidSetPinDirection>
    1b8a:	8f e3       	ldi	r24, 0x3F	; 63
    1b8c:	9c e9       	ldi	r25, 0x9C	; 156

00001b8e <.L1^B5>:
    1b8e:	01 97       	sbiw	r24, 0x01	; 1
    1b90:	f1 f7       	brne	.-4      	; 0x1b8e <.L1^B5>
    1b92:	00 c0       	rjmp	.+0      	; 0x1b94 <L0^A>

00001b94 <L0^A>:
    1b94:	00 00       	nop
    1b96:	88 e3       	ldi	r24, 0x38	; 56
    1b98:	0e 94 8e 0d 	call	0x1b1c	; 0x1b1c <LCD_voidSendCommand>
    1b9c:	8f e0       	ldi	r24, 0x0F	; 15
    1b9e:	97 e2       	ldi	r25, 0x27	; 39

00001ba0 <.L1^B6>:
    1ba0:	01 97       	sbiw	r24, 0x01	; 1
    1ba2:	f1 f7       	brne	.-4      	; 0x1ba0 <.L1^B6>
    1ba4:	00 c0       	rjmp	.+0      	; 0x1ba6 <L0^A>

00001ba6 <L0^A>:
    1ba6:	00 00       	nop
    1ba8:	88 e3       	ldi	r24, 0x38	; 56
    1baa:	0e 94 8e 0d 	call	0x1b1c	; 0x1b1c <LCD_voidSendCommand>
    1bae:	8f e0       	ldi	r24, 0x0F	; 15
    1bb0:	97 e2       	ldi	r25, 0x27	; 39

00001bb2 <.L1^B7>:
    1bb2:	01 97       	sbiw	r24, 0x01	; 1
    1bb4:	f1 f7       	brne	.-4      	; 0x1bb2 <.L1^B7>
    1bb6:	00 c0       	rjmp	.+0      	; 0x1bb8 <L0^A>

00001bb8 <L0^A>:
    1bb8:	00 00       	nop
    1bba:	88 e3       	ldi	r24, 0x38	; 56
    1bbc:	0e 94 8e 0d 	call	0x1b1c	; 0x1b1c <LCD_voidSendCommand>
    1bc0:	8f e0       	ldi	r24, 0x0F	; 15
    1bc2:	97 e2       	ldi	r25, 0x27	; 39

00001bc4 <.L1^B8>:
    1bc4:	01 97       	sbiw	r24, 0x01	; 1
    1bc6:	f1 f7       	brne	.-4      	; 0x1bc4 <.L1^B8>
    1bc8:	00 c0       	rjmp	.+0      	; 0x1bca <L0^A>

00001bca <L0^A>:
    1bca:	00 00       	nop
    1bcc:	88 e0       	ldi	r24, 0x08	; 8
    1bce:	0e 94 8e 0d 	call	0x1b1c	; 0x1b1c <LCD_voidSendCommand>
    1bd2:	8f e0       	ldi	r24, 0x0F	; 15
    1bd4:	97 e2       	ldi	r25, 0x27	; 39

00001bd6 <.L1^B9>:
    1bd6:	01 97       	sbiw	r24, 0x01	; 1
    1bd8:	f1 f7       	brne	.-4      	; 0x1bd6 <.L1^B9>
    1bda:	00 c0       	rjmp	.+0      	; 0x1bdc <L0^A>

00001bdc <L0^A>:
    1bdc:	00 00       	nop
    1bde:	81 e0       	ldi	r24, 0x01	; 1
    1be0:	0e 94 8e 0d 	call	0x1b1c	; 0x1b1c <LCD_voidSendCommand>
    1be4:	8f e0       	ldi	r24, 0x0F	; 15
    1be6:	97 e2       	ldi	r25, 0x27	; 39

00001be8 <.L1^B10>:
    1be8:	01 97       	sbiw	r24, 0x01	; 1
    1bea:	f1 f7       	brne	.-4      	; 0x1be8 <.L1^B10>
    1bec:	00 c0       	rjmp	.+0      	; 0x1bee <L0^A>

00001bee <L0^A>:
    1bee:	00 00       	nop
    1bf0:	86 e0       	ldi	r24, 0x06	; 6
    1bf2:	0e 94 8e 0d 	call	0x1b1c	; 0x1b1c <LCD_voidSendCommand>
    1bf6:	8f e0       	ldi	r24, 0x0F	; 15
    1bf8:	97 e2       	ldi	r25, 0x27	; 39

00001bfa <.L1^B11>:
    1bfa:	01 97       	sbiw	r24, 0x01	; 1
    1bfc:	f1 f7       	brne	.-4      	; 0x1bfa <.L1^B11>
    1bfe:	00 c0       	rjmp	.+0      	; 0x1c00 <L0^A>

00001c00 <L0^A>:
    1c00:	00 00       	nop
    1c02:	8c e0       	ldi	r24, 0x0C	; 12
    1c04:	0e 94 8e 0d 	call	0x1b1c	; 0x1b1c <LCD_voidSendCommand>
    1c08:	8f e0       	ldi	r24, 0x0F	; 15
    1c0a:	97 e2       	ldi	r25, 0x27	; 39

00001c0c <.L1^B12>:
    1c0c:	01 97       	sbiw	r24, 0x01	; 1
    1c0e:	f1 f7       	brne	.-4      	; 0x1c0c <.L1^B12>
    1c10:	00 c0       	rjmp	.+0      	; 0x1c12 <L0^A>

00001c12 <L0^A>:
    1c12:	00 00       	nop
    1c14:	08 95       	ret

00001c16 <LCD_voidSendString>:
    1c16:	cf 93       	push	r28
    1c18:	df 93       	push	r29
    1c1a:	ec 01       	movw	r28, r24
    1c1c:	89 2b       	or	r24, r25
    1c1e:	49 f0       	breq	.+18     	; 0x1c32 <.L5>
    1c20:	88 81       	ld	r24, Y
    1c22:	81 15       	cp	r24, r1
    1c24:	31 f0       	breq	.+12     	; 0x1c32 <.L5>
    1c26:	21 96       	adiw	r28, 0x01	; 1

00001c28 <.L7>:
    1c28:	0e 94 65 0d 	call	0x1aca	; 0x1aca <LCD_voidSendData>
    1c2c:	89 91       	ld	r24, Y+
    1c2e:	81 11       	cpse	r24, r1
    1c30:	fb cf       	rjmp	.-10     	; 0x1c28 <.L7>

00001c32 <.L5>:
    1c32:	df 91       	pop	r29
    1c34:	cf 91       	pop	r28
    1c36:	08 95       	ret

00001c38 <LCD_voidSendNumber>:
    1c38:	4f 92       	push	r4
    1c3a:	5f 92       	push	r5
    1c3c:	6f 92       	push	r6
    1c3e:	7f 92       	push	r7
    1c40:	8f 92       	push	r8
    1c42:	9f 92       	push	r9
    1c44:	af 92       	push	r10
    1c46:	bf 92       	push	r11
    1c48:	cf 92       	push	r12
    1c4a:	df 92       	push	r13
    1c4c:	ef 92       	push	r14
    1c4e:	ff 92       	push	r15
    1c50:	0f 93       	push	r16
    1c52:	1f 93       	push	r17
    1c54:	cf 93       	push	r28
    1c56:	df 93       	push	r29
    1c58:	cd b7       	in	r28, 0x3d	; 61
    1c5a:	de b7       	in	r29, 0x3e	; 62
    1c5c:	2a 97       	sbiw	r28, 0x0a	; 10
    1c5e:	0f b6       	in	r0, 0x3f	; 63
    1c60:	f8 94       	cli
    1c62:	de bf       	out	0x3e, r29	; 62
    1c64:	0f be       	out	0x3f, r0	; 63
    1c66:	cd bf       	out	0x3d, r28	; 61
    1c68:	6b 01       	movw	r12, r22
    1c6a:	7c 01       	movw	r14, r24
    1c6c:	c1 14       	cp	r12, r1
    1c6e:	d1 04       	cpc	r13, r1
    1c70:	e1 04       	cpc	r14, r1
    1c72:	f1 04       	cpc	r15, r1
    1c74:	0c f4       	brge	.+2      	; 0x1c78 <L0^A+0x2>

00001c76 <L0^A>:
    1c76:	45 c0       	rjmp	.+138    	; 0x1d02 <.L22>
    1c78:	09 f4       	brne	.+2      	; 0x1c7c <.L18>

00001c7a <L0^A>:
    1c7a:	4f c0       	rjmp	.+158    	; 0x1d1a <.L23>

00001c7c <.L18>:
    1c7c:	4e 01       	movw	r8, r28
    1c7e:	8f ef       	ldi	r24, 0xFF	; 255
    1c80:	88 1a       	sub	r8, r24
    1c82:	98 0a       	sbc	r9, r24
    1c84:	54 01       	movw	r10, r8
    1c86:	00 e0       	ldi	r16, 0x00	; 0
    1c88:	10 e0       	ldi	r17, 0x00	; 0
    1c8a:	38 01       	movw	r6, r16
    1c8c:	8a e0       	ldi	r24, 0x0A	; 10
    1c8e:	48 2e       	mov	r4, r24
    1c90:	51 2c       	mov	r5, r1

00001c92 <.L17>:
    1c92:	b6 01       	movw	r22, r12
    1c94:	c7 01       	movw	r24, r14
    1c96:	92 01       	movw	r18, r4
    1c98:	a3 01       	movw	r20, r6
    1c9a:	0e 94 5e 14 	call	0x28bc	; 0x28bc <__divmodsi4>
    1c9e:	60 5d       	subi	r22, 0xD0	; 208
    1ca0:	f5 01       	movw	r30, r10
    1ca2:	61 93       	st	Z+, r22
    1ca4:	5f 01       	movw	r10, r30
    1ca6:	69 01       	movw	r12, r18
    1ca8:	7a 01       	movw	r14, r20
    1caa:	c8 01       	movw	r24, r16
    1cac:	0f 5f       	subi	r16, 0xFF	; 255
    1cae:	1f 4f       	sbci	r17, 0xFF	; 255
    1cb0:	c1 14       	cp	r12, r1
    1cb2:	d1 04       	cpc	r13, r1
    1cb4:	e1 04       	cpc	r14, r1
    1cb6:	f1 04       	cpc	r15, r1
    1cb8:	61 f7       	brne	.-40     	; 0x1c92 <.L17>
    1cba:	84 01       	movw	r16, r8
    1cbc:	0f 5f       	subi	r16, 0xFF	; 255
    1cbe:	1f 4f       	sbci	r17, 0xFF	; 255
    1cc0:	08 0f       	add	r16, r24
    1cc2:	19 1f       	adc	r17, r25

00001cc4 <.L19>:
    1cc4:	f8 01       	movw	r30, r16
    1cc6:	82 91       	ld	r24, -Z
    1cc8:	8f 01       	movw	r16, r30
    1cca:	0e 94 65 0d 	call	0x1aca	; 0x1aca <LCD_voidSendData>
    1cce:	08 15       	cp	r16, r8
    1cd0:	19 05       	cpc	r17, r9
    1cd2:	c1 f7       	brne	.-16     	; 0x1cc4 <.L19>
    1cd4:	2a 96       	adiw	r28, 0x0a	; 10
    1cd6:	0f b6       	in	r0, 0x3f	; 63
    1cd8:	f8 94       	cli
    1cda:	de bf       	out	0x3e, r29	; 62
    1cdc:	0f be       	out	0x3f, r0	; 63
    1cde:	cd bf       	out	0x3d, r28	; 61
    1ce0:	df 91       	pop	r29
    1ce2:	cf 91       	pop	r28
    1ce4:	1f 91       	pop	r17
    1ce6:	0f 91       	pop	r16
    1ce8:	ff 90       	pop	r15
    1cea:	ef 90       	pop	r14
    1cec:	df 90       	pop	r13
    1cee:	cf 90       	pop	r12
    1cf0:	bf 90       	pop	r11
    1cf2:	af 90       	pop	r10
    1cf4:	9f 90       	pop	r9
    1cf6:	8f 90       	pop	r8
    1cf8:	7f 90       	pop	r7
    1cfa:	6f 90       	pop	r6
    1cfc:	5f 90       	pop	r5
    1cfe:	4f 90       	pop	r4
    1d00:	08 95       	ret

00001d02 <.L22>:
    1d02:	8d e2       	ldi	r24, 0x2D	; 45
    1d04:	0e 94 65 0d 	call	0x1aca	; 0x1aca <LCD_voidSendData>
    1d08:	f0 94       	com	r15
    1d0a:	e0 94       	com	r14
    1d0c:	d0 94       	com	r13
    1d0e:	c0 94       	com	r12
    1d10:	c1 1c       	adc	r12, r1
    1d12:	d1 1c       	adc	r13, r1
    1d14:	e1 1c       	adc	r14, r1
    1d16:	f1 1c       	adc	r15, r1
    1d18:	b1 cf       	rjmp	.-158    	; 0x1c7c <.L18>

00001d1a <.L23>:
    1d1a:	80 e3       	ldi	r24, 0x30	; 48
    1d1c:	2a 96       	adiw	r28, 0x0a	; 10
    1d1e:	0f b6       	in	r0, 0x3f	; 63
    1d20:	f8 94       	cli
    1d22:	de bf       	out	0x3e, r29	; 62
    1d24:	0f be       	out	0x3f, r0	; 63
    1d26:	cd bf       	out	0x3d, r28	; 61
    1d28:	df 91       	pop	r29
    1d2a:	cf 91       	pop	r28
    1d2c:	1f 91       	pop	r17
    1d2e:	0f 91       	pop	r16
    1d30:	ff 90       	pop	r15
    1d32:	ef 90       	pop	r14
    1d34:	df 90       	pop	r13
    1d36:	cf 90       	pop	r12
    1d38:	bf 90       	pop	r11
    1d3a:	af 90       	pop	r10
    1d3c:	9f 90       	pop	r9
    1d3e:	8f 90       	pop	r8
    1d40:	7f 90       	pop	r7
    1d42:	6f 90       	pop	r6
    1d44:	5f 90       	pop	r5
    1d46:	4f 90       	pop	r4
    1d48:	0c 94 65 0d 	jmp	0x1aca	; 0x1aca <LCD_voidSendData>

00001d4c <LCD_voidSetPosition>:
    1d4c:	91 e0       	ldi	r25, 0x01	; 1
    1d4e:	61 11       	cpse	r22, r1
    1d50:	01 c0       	rjmp	.+2      	; 0x1d54 <.L25>
    1d52:	90 e0       	ldi	r25, 0x00	; 0

00001d54 <.L25>:
    1d54:	92 95       	swap	r25
    1d56:	99 0f       	add	r25, r25
    1d58:	99 0f       	add	r25, r25
    1d5a:	90 7c       	andi	r25, 0xC0	; 192
    1d5c:	89 0f       	add	r24, r25
    1d5e:	80 68       	ori	r24, 0x80	; 128
    1d60:	0c 94 8e 0d 	jmp	0x1b1c	; 0x1b1c <LCD_voidSendCommand>

00001d64 <LCD_voidClearDisplay>:
    1d64:	81 e0       	ldi	r24, 0x01	; 1
    1d66:	0c 94 8e 0d 	jmp	0x1b1c	; 0x1b1c <LCD_voidSendCommand>

00001d6a <LCD_voidReturnHome>:
    1d6a:	82 e0       	ldi	r24, 0x02	; 2
    1d6c:	0c 94 8e 0d 	jmp	0x1b1c	; 0x1b1c <LCD_voidSendCommand>

00001d70 <LCD_voidSendSpecialCharecter>:
    1d70:	0f 93       	push	r16
    1d72:	1f 93       	push	r17
    1d74:	cf 93       	push	r28
    1d76:	df 93       	push	r29
    1d78:	00 d0       	rcall	.+0      	; 0x1d7a <L0^A>

00001d7a <L0^A>:
    1d7a:	00 d0       	rcall	.+0      	; 0x1d7c <L0^A>

00001d7c <L0^A>:
    1d7c:	0f 92       	push	r0
    1d7e:	cd b7       	in	r28, 0x3d	; 61
    1d80:	de b7       	in	r29, 0x3e	; 62
    1d82:	89 83       	std	Y+1, r24	; 0x01
    1d84:	6c 83       	std	Y+4, r22	; 0x04
    1d86:	7d 83       	std	Y+5, r23	; 0x05
    1d88:	4a 83       	std	Y+2, r20	; 0x02
    1d8a:	2b 83       	std	Y+3, r18	; 0x03
    1d8c:	67 2b       	or	r22, r23
    1d8e:	11 f0       	breq	.+4      	; 0x1d94 <.L28>
    1d90:	88 30       	cpi	r24, 0x08	; 8
    1d92:	50 f0       	brcs	.+20     	; 0x1da8 <.L36>

00001d94 <.L28>:
    1d94:	0f 90       	pop	r0
    1d96:	0f 90       	pop	r0
    1d98:	0f 90       	pop	r0
    1d9a:	0f 90       	pop	r0
    1d9c:	0f 90       	pop	r0
    1d9e:	df 91       	pop	r29
    1da0:	cf 91       	pop	r28
    1da2:	1f 91       	pop	r17
    1da4:	0f 91       	pop	r16
    1da6:	08 95       	ret

00001da8 <.L36>:
    1da8:	88 0f       	add	r24, r24
    1daa:	88 0f       	add	r24, r24
    1dac:	88 0f       	add	r24, r24
    1dae:	80 64       	ori	r24, 0x40	; 64
    1db0:	0e 94 8e 0d 	call	0x1b1c	; 0x1b1c <LCD_voidSendCommand>
    1db4:	0c 81       	ldd	r16, Y+4	; 0x04
    1db6:	1d 81       	ldd	r17, Y+5	; 0x05
    1db8:	08 5f       	subi	r16, 0xF8	; 248
    1dba:	1f 4f       	sbci	r17, 0xFF	; 255

00001dbc <.L30>:
    1dbc:	ec 81       	ldd	r30, Y+4	; 0x04
    1dbe:	fd 81       	ldd	r31, Y+5	; 0x05
    1dc0:	81 91       	ld	r24, Z+
    1dc2:	ec 83       	std	Y+4, r30	; 0x04
    1dc4:	fd 83       	std	Y+5, r31	; 0x05
    1dc6:	0e 94 65 0d 	call	0x1aca	; 0x1aca <LCD_voidSendData>
    1dca:	8c 81       	ldd	r24, Y+4	; 0x04
    1dcc:	9d 81       	ldd	r25, Y+5	; 0x05
    1dce:	80 17       	cp	r24, r16
    1dd0:	91 07       	cpc	r25, r17
    1dd2:	a1 f7       	brne	.-24     	; 0x1dbc <.L30>
    1dd4:	81 e0       	ldi	r24, 0x01	; 1
    1dd6:	9b 81       	ldd	r25, Y+3	; 0x03
    1dd8:	91 15       	cp	r25, r1
    1dda:	a9 f0       	breq	.+42     	; 0x1e06 <.L37>

00001ddc <.L31>:
    1ddc:	82 95       	swap	r24
    1dde:	88 0f       	add	r24, r24
    1de0:	88 0f       	add	r24, r24
    1de2:	80 7c       	andi	r24, 0xC0	; 192
    1de4:	ea 81       	ldd	r30, Y+2	; 0x02
    1de6:	8e 0f       	add	r24, r30
    1de8:	80 68       	ori	r24, 0x80	; 128
    1dea:	0e 94 8e 0d 	call	0x1b1c	; 0x1b1c <LCD_voidSendCommand>
    1dee:	89 81       	ldd	r24, Y+1	; 0x01
    1df0:	0f 90       	pop	r0
    1df2:	0f 90       	pop	r0
    1df4:	0f 90       	pop	r0
    1df6:	0f 90       	pop	r0
    1df8:	0f 90       	pop	r0
    1dfa:	df 91       	pop	r29
    1dfc:	cf 91       	pop	r28
    1dfe:	1f 91       	pop	r17
    1e00:	0f 91       	pop	r16
    1e02:	0c 94 65 0d 	jmp	0x1aca	; 0x1aca <LCD_voidSendData>

00001e06 <.L37>:
    1e06:	80 e0       	ldi	r24, 0x00	; 0
    1e08:	e9 cf       	rjmp	.-46     	; 0x1ddc <.L31>

00001e0a <ADC_voidInit>:
    1e0a:	3e 9a       	sbi	0x07, 6	; 7
    1e0c:	3f 98       	cbi	0x07, 7	; 7
    1e0e:	3d 98       	cbi	0x07, 5	; 7
    1e10:	35 98       	cbi	0x06, 5	; 6
    1e12:	86 b1       	in	r24, 0x06	; 6
    1e14:	88 7f       	andi	r24, 0xF8	; 248
    1e16:	86 b9       	out	0x06, r24	; 6
    1e18:	86 b1       	in	r24, 0x06	; 6
    1e1a:	86 60       	ori	r24, 0x06	; 6
    1e1c:	86 b9       	out	0x06, r24	; 6
    1e1e:	37 9a       	sbi	0x06, 7	; 6
    1e20:	08 95       	ret

00001e22 <ADC_voidEnable>:
    1e22:	37 9a       	sbi	0x06, 7	; 6
    1e24:	08 95       	ret

00001e26 <ADC_voidDisable>:
    1e26:	37 98       	cbi	0x06, 7	; 6
    1e28:	08 95       	ret

00001e2a <ADC_u8ConvertSynch>:
    1e2a:	81 32       	cpi	r24, 0x21	; 33
    1e2c:	20 f5       	brcc	.+72     	; 0x1e76 <.L10>
    1e2e:	61 15       	cp	r22, r1
    1e30:	71 05       	cpc	r23, r1
    1e32:	21 f1       	breq	.+72     	; 0x1e7c <.L11>
    1e34:	97 b1       	in	r25, 0x07	; 7
    1e36:	90 7e       	andi	r25, 0xE0	; 224
    1e38:	97 b9       	out	0x07, r25	; 7
    1e3a:	97 b1       	in	r25, 0x07	; 7
    1e3c:	98 2b       	or	r25, r24
    1e3e:	97 b9       	out	0x07, r25	; 7
    1e40:	36 9a       	sbi	0x06, 6	; 6

00001e42 <.L7>:
    1e42:	34 9b       	sbis	0x06, 4	; 6
    1e44:	fe cf       	rjmp	.-4      	; 0x1e42 <.L7>
    1e46:	34 9a       	sbi	0x06, 4	; 6
    1e48:	3d 9b       	sbis	0x07, 5	; 7
    1e4a:	0f c0       	rjmp	.+30     	; 0x1e6a <.L14>
    1e4c:	84 b1       	in	r24, 0x04	; 4
    1e4e:	95 b1       	in	r25, 0x05	; 5
    1e50:	00 24       	eor	r0, r0
    1e52:	88 0f       	add	r24, r24
    1e54:	99 1f       	adc	r25, r25
    1e56:	00 1c       	adc	r0, r0
    1e58:	88 0f       	add	r24, r24
    1e5a:	99 1f       	adc	r25, r25
    1e5c:	00 1c       	adc	r0, r0
    1e5e:	89 2f       	mov	r24, r25
    1e60:	90 2d       	mov	r25, r0
    1e62:	fb 01       	movw	r30, r22
    1e64:	80 83       	st	Z, r24
    1e66:	91 83       	std	Z+1, r25	; 0x01
    1e68:	08 95       	ret

00001e6a <.L14>:
    1e6a:	84 b1       	in	r24, 0x04	; 4
    1e6c:	95 b1       	in	r25, 0x05	; 5
    1e6e:	fb 01       	movw	r30, r22
    1e70:	80 83       	st	Z, r24
    1e72:	91 83       	std	Z+1, r25	; 0x01
    1e74:	08 95       	ret

00001e76 <.L10>:
    1e76:	80 e0       	ldi	r24, 0x00	; 0
    1e78:	90 e0       	ldi	r25, 0x00	; 0
    1e7a:	08 95       	ret

00001e7c <.L11>:
    1e7c:	85 e0       	ldi	r24, 0x05	; 5
    1e7e:	90 e0       	ldi	r25, 0x00	; 0
    1e80:	08 95       	ret

00001e82 <ADC_u8ConvertASynch>:
    1e82:	08 95       	ret

00001e84 <SET_CallBack>:
    1e84:	08 95       	ret

00001e86 <ADC_f32TransformToVoltage>:
    1e86:	bc 01       	movw	r22, r24
    1e88:	80 e0       	ldi	r24, 0x00	; 0
    1e8a:	90 e0       	ldi	r25, 0x00	; 0
    1e8c:	0e 94 9f 14 	call	0x293e	; 0x293e <__floatunsisf>
    1e90:	20 e0       	ldi	r18, 0x00	; 0
    1e92:	30 e0       	ldi	r19, 0x00	; 0
    1e94:	40 ea       	ldi	r20, 0xA0	; 160
    1e96:	50 e4       	ldi	r21, 0x40	; 64
    1e98:	0e 94 dc 14 	call	0x29b8	; 0x29b8 <__mulsf3>
    1e9c:	20 e0       	ldi	r18, 0x00	; 0
    1e9e:	30 e0       	ldi	r19, 0x00	; 0
    1ea0:	40 e8       	ldi	r20, 0x80	; 128
    1ea2:	5a e3       	ldi	r21, 0x3A	; 58
    1ea4:	0e 94 dc 14 	call	0x29b8	; 0x29b8 <__mulsf3>
    1ea8:	08 95       	ret

00001eaa <DIO_voidSetPinValue>:
    1eaa:	68 30       	cpi	r22, 0x08	; 8
    1eac:	f0 f4       	brcc	.+60     	; 0x1eea <.L1>
    1eae:	82 30       	cpi	r24, 0x02	; 2
    1eb0:	49 f1       	breq	.+82     	; 0x1f04 <.L3>
    1eb2:	70 f4       	brcc	.+28     	; 0x1ed0 <.L4>
    1eb4:	81 15       	cp	r24, r1
    1eb6:	d1 f0       	breq	.+52     	; 0x1eec <.L14>
    1eb8:	81 e0       	ldi	r24, 0x01	; 1
    1eba:	01 c0       	rjmp	.+2      	; 0x1ebe <.L2^B1>

00001ebc <.L1^B1>:
    1ebc:	88 0f       	add	r24, r24

00001ebe <.L2^B1>:
    1ebe:	6a 95       	dec	r22
    1ec0:	ea f7       	brpl	.-6      	; 0x1ebc <.L1^B1>
    1ec2:	98 b3       	in	r25, 0x18	; 24
    1ec4:	41 30       	cpi	r20, 0x01	; 1
    1ec6:	a1 f1       	breq	.+104    	; 0x1f30 <.L15>
    1ec8:	80 95       	com	r24
    1eca:	89 23       	and	r24, r25
    1ecc:	88 bb       	out	0x18, r24	; 24
    1ece:	08 95       	ret

00001ed0 <.L4>:
    1ed0:	83 30       	cpi	r24, 0x03	; 3
    1ed2:	21 f5       	brne	.+72     	; 0x1f1c <.L16>
    1ed4:	81 e0       	ldi	r24, 0x01	; 1
    1ed6:	01 c0       	rjmp	.+2      	; 0x1eda <.L2^B2>

00001ed8 <.L1^B2>:
    1ed8:	88 0f       	add	r24, r24

00001eda <.L2^B2>:
    1eda:	6a 95       	dec	r22
    1edc:	ea f7       	brpl	.-6      	; 0x1ed8 <.L1^B2>
    1ede:	92 b3       	in	r25, 0x12	; 18
    1ee0:	41 30       	cpi	r20, 0x01	; 1
    1ee2:	e9 f0       	breq	.+58     	; 0x1f1e <.L17>
    1ee4:	80 95       	com	r24
    1ee6:	89 23       	and	r24, r25
    1ee8:	82 bb       	out	0x12, r24	; 18

00001eea <.L1>:
    1eea:	08 95       	ret

00001eec <.L14>:
    1eec:	81 e0       	ldi	r24, 0x01	; 1
    1eee:	01 c0       	rjmp	.+2      	; 0x1ef2 <.L2^B3>

00001ef0 <.L1^B3>:
    1ef0:	88 0f       	add	r24, r24

00001ef2 <.L2^B3>:
    1ef2:	6a 95       	dec	r22
    1ef4:	ea f7       	brpl	.-6      	; 0x1ef0 <.L1^B3>
    1ef6:	9b b3       	in	r25, 0x1b	; 27
    1ef8:	41 30       	cpi	r20, 0x01	; 1
    1efa:	b9 f0       	breq	.+46     	; 0x1f2a <.L18>
    1efc:	80 95       	com	r24
    1efe:	89 23       	and	r24, r25
    1f00:	8b bb       	out	0x1b, r24	; 27
    1f02:	08 95       	ret

00001f04 <.L3>:
    1f04:	81 e0       	ldi	r24, 0x01	; 1
    1f06:	01 c0       	rjmp	.+2      	; 0x1f0a <.L2^B4>

00001f08 <.L1^B4>:
    1f08:	88 0f       	add	r24, r24

00001f0a <.L2^B4>:
    1f0a:	6a 95       	dec	r22
    1f0c:	ea f7       	brpl	.-6      	; 0x1f08 <.L1^B4>
    1f0e:	95 b3       	in	r25, 0x15	; 21
    1f10:	41 30       	cpi	r20, 0x01	; 1
    1f12:	41 f0       	breq	.+16     	; 0x1f24 <.L19>
    1f14:	80 95       	com	r24
    1f16:	89 23       	and	r24, r25
    1f18:	85 bb       	out	0x15, r24	; 21
    1f1a:	08 95       	ret

00001f1c <.L16>:
    1f1c:	08 95       	ret

00001f1e <.L17>:
    1f1e:	89 2b       	or	r24, r25
    1f20:	82 bb       	out	0x12, r24	; 18
    1f22:	08 95       	ret

00001f24 <.L19>:
    1f24:	89 2b       	or	r24, r25
    1f26:	85 bb       	out	0x15, r24	; 21
    1f28:	08 95       	ret

00001f2a <.L18>:
    1f2a:	89 2b       	or	r24, r25
    1f2c:	8b bb       	out	0x1b, r24	; 27
    1f2e:	08 95       	ret

00001f30 <.L15>:
    1f30:	89 2b       	or	r24, r25
    1f32:	88 bb       	out	0x18, r24	; 24
    1f34:	08 95       	ret

00001f36 <DIO_voidSetPinDirection>:
    1f36:	68 30       	cpi	r22, 0x08	; 8
    1f38:	f0 f4       	brcc	.+60     	; 0x1f76 <.L20>
    1f3a:	82 30       	cpi	r24, 0x02	; 2
    1f3c:	49 f1       	breq	.+82     	; 0x1f90 <.L22>
    1f3e:	70 f4       	brcc	.+28     	; 0x1f5c <.L23>
    1f40:	81 15       	cp	r24, r1
    1f42:	d1 f0       	breq	.+52     	; 0x1f78 <.L32>
    1f44:	81 e0       	ldi	r24, 0x01	; 1
    1f46:	01 c0       	rjmp	.+2      	; 0x1f4a <.L2^B5>

00001f48 <.L1^B5>:
    1f48:	88 0f       	add	r24, r24

00001f4a <.L2^B5>:
    1f4a:	6a 95       	dec	r22
    1f4c:	ea f7       	brpl	.-6      	; 0x1f48 <.L1^B5>
    1f4e:	97 b3       	in	r25, 0x17	; 23
    1f50:	41 30       	cpi	r20, 0x01	; 1
    1f52:	a1 f1       	breq	.+104    	; 0x1fbc <.L33>
    1f54:	80 95       	com	r24
    1f56:	89 23       	and	r24, r25
    1f58:	87 bb       	out	0x17, r24	; 23
    1f5a:	08 95       	ret

00001f5c <.L23>:
    1f5c:	83 30       	cpi	r24, 0x03	; 3
    1f5e:	21 f5       	brne	.+72     	; 0x1fa8 <.L34>
    1f60:	81 e0       	ldi	r24, 0x01	; 1
    1f62:	01 c0       	rjmp	.+2      	; 0x1f66 <.L2^B6>

00001f64 <.L1^B6>:
    1f64:	88 0f       	add	r24, r24

00001f66 <.L2^B6>:
    1f66:	6a 95       	dec	r22
    1f68:	ea f7       	brpl	.-6      	; 0x1f64 <.L1^B6>
    1f6a:	91 b3       	in	r25, 0x11	; 17
    1f6c:	41 30       	cpi	r20, 0x01	; 1
    1f6e:	e9 f0       	breq	.+58     	; 0x1faa <.L35>
    1f70:	80 95       	com	r24
    1f72:	89 23       	and	r24, r25
    1f74:	81 bb       	out	0x11, r24	; 17

00001f76 <.L20>:
    1f76:	08 95       	ret

00001f78 <.L32>:
    1f78:	81 e0       	ldi	r24, 0x01	; 1
    1f7a:	01 c0       	rjmp	.+2      	; 0x1f7e <.L2^B7>

00001f7c <.L1^B7>:
    1f7c:	88 0f       	add	r24, r24

00001f7e <.L2^B7>:
    1f7e:	6a 95       	dec	r22
    1f80:	ea f7       	brpl	.-6      	; 0x1f7c <.L1^B7>
    1f82:	9a b3       	in	r25, 0x1a	; 26
    1f84:	41 30       	cpi	r20, 0x01	; 1
    1f86:	b9 f0       	breq	.+46     	; 0x1fb6 <.L36>
    1f88:	80 95       	com	r24
    1f8a:	89 23       	and	r24, r25
    1f8c:	8a bb       	out	0x1a, r24	; 26
    1f8e:	08 95       	ret

00001f90 <.L22>:
    1f90:	81 e0       	ldi	r24, 0x01	; 1
    1f92:	01 c0       	rjmp	.+2      	; 0x1f96 <.L2^B8>

00001f94 <.L1^B8>:
    1f94:	88 0f       	add	r24, r24

00001f96 <.L2^B8>:
    1f96:	6a 95       	dec	r22
    1f98:	ea f7       	brpl	.-6      	; 0x1f94 <.L1^B8>
    1f9a:	94 b3       	in	r25, 0x14	; 20
    1f9c:	41 30       	cpi	r20, 0x01	; 1
    1f9e:	41 f0       	breq	.+16     	; 0x1fb0 <.L37>
    1fa0:	80 95       	com	r24
    1fa2:	89 23       	and	r24, r25
    1fa4:	84 bb       	out	0x14, r24	; 20
    1fa6:	08 95       	ret

00001fa8 <.L34>:
    1fa8:	08 95       	ret

00001faa <.L35>:
    1faa:	89 2b       	or	r24, r25
    1fac:	81 bb       	out	0x11, r24	; 17
    1fae:	08 95       	ret

00001fb0 <.L37>:
    1fb0:	89 2b       	or	r24, r25
    1fb2:	84 bb       	out	0x14, r24	; 20
    1fb4:	08 95       	ret

00001fb6 <.L36>:
    1fb6:	89 2b       	or	r24, r25
    1fb8:	8a bb       	out	0x1a, r24	; 26
    1fba:	08 95       	ret

00001fbc <.L33>:
    1fbc:	89 2b       	or	r24, r25
    1fbe:	87 bb       	out	0x17, r24	; 23
    1fc0:	08 95       	ret

00001fc2 <DIO_voidGetPinValue>:
    1fc2:	68 30       	cpi	r22, 0x08	; 8
    1fc4:	98 f4       	brcc	.+38     	; 0x1fec <.L38>
    1fc6:	82 30       	cpi	r24, 0x02	; 2
    1fc8:	a1 f0       	breq	.+40     	; 0x1ff2 <.L40>
    1fca:	20 f4       	brcc	.+8      	; 0x1fd4 <.L41>
    1fcc:	81 15       	cp	r24, r1
    1fce:	79 f0       	breq	.+30     	; 0x1fee <.L47>
    1fd0:	86 b3       	in	r24, 0x16	; 22
    1fd2:	03 c0       	rjmp	.+6      	; 0x1fda <.L46>

00001fd4 <.L41>:
    1fd4:	83 30       	cpi	r24, 0x03	; 3
    1fd6:	79 f4       	brne	.+30     	; 0x1ff6 <.L48>
    1fd8:	80 b3       	in	r24, 0x10	; 16

00001fda <.L46>:
    1fda:	90 e0       	ldi	r25, 0x00	; 0
    1fdc:	02 c0       	rjmp	.+4      	; 0x1fe2 <.L2^B9>

00001fde <.L1^B9>:
    1fde:	95 95       	asr	r25
    1fe0:	87 95       	ror	r24

00001fe2 <.L2^B9>:
    1fe2:	6a 95       	dec	r22
    1fe4:	e2 f7       	brpl	.-8      	; 0x1fde <.L1^B9>
    1fe6:	81 70       	andi	r24, 0x01	; 1
    1fe8:	fa 01       	movw	r30, r20
    1fea:	80 83       	st	Z, r24

00001fec <.L38>:
    1fec:	08 95       	ret

00001fee <.L47>:
    1fee:	89 b3       	in	r24, 0x19	; 25
    1ff0:	f4 cf       	rjmp	.-24     	; 0x1fda <.L46>

00001ff2 <.L40>:
    1ff2:	83 b3       	in	r24, 0x13	; 19
    1ff4:	f2 cf       	rjmp	.-28     	; 0x1fda <.L46>

00001ff6 <.L48>:
    1ff6:	08 95       	ret

00001ff8 <DIO_voidSetPortValue>:
    1ff8:	82 30       	cpi	r24, 0x02	; 2
    1ffa:	49 f0       	breq	.+18     	; 0x200e <.L50>
    1ffc:	20 f4       	brcc	.+8      	; 0x2006 <.L51>
    1ffe:	81 15       	cp	r24, r1
    2000:	41 f0       	breq	.+16     	; 0x2012 <.L57>
    2002:	68 bb       	out	0x18, r22	; 24
    2004:	08 95       	ret

00002006 <.L51>:
    2006:	83 30       	cpi	r24, 0x03	; 3
    2008:	31 f4       	brne	.+12     	; 0x2016 <.L58>
    200a:	62 bb       	out	0x12, r22	; 18
    200c:	08 95       	ret

0000200e <.L50>:
    200e:	65 bb       	out	0x15, r22	; 21
    2010:	08 95       	ret

00002012 <.L57>:
    2012:	6b bb       	out	0x1b, r22	; 27
    2014:	08 95       	ret

00002016 <.L58>:
    2016:	08 95       	ret

00002018 <DIO_voidSetPortDirection>:
    2018:	82 30       	cpi	r24, 0x02	; 2
    201a:	49 f0       	breq	.+18     	; 0x202e <.L60>
    201c:	20 f4       	brcc	.+8      	; 0x2026 <.L61>
    201e:	81 15       	cp	r24, r1
    2020:	41 f0       	breq	.+16     	; 0x2032 <.L67>
    2022:	67 bb       	out	0x17, r22	; 23
    2024:	08 95       	ret

00002026 <.L61>:
    2026:	83 30       	cpi	r24, 0x03	; 3
    2028:	31 f4       	brne	.+12     	; 0x2036 <.L68>
    202a:	61 bb       	out	0x11, r22	; 17
    202c:	08 95       	ret

0000202e <.L60>:
    202e:	64 bb       	out	0x14, r22	; 20
    2030:	08 95       	ret

00002032 <.L67>:
    2032:	6a bb       	out	0x1a, r22	; 26
    2034:	08 95       	ret

00002036 <.L68>:
    2036:	08 95       	ret

00002038 <DIO_voidGetPortValue>:
    2038:	82 30       	cpi	r24, 0x02	; 2
    203a:	69 f0       	breq	.+26     	; 0x2056 <.L70>
    203c:	30 f4       	brcc	.+12     	; 0x204a <.L71>
    203e:	81 15       	cp	r24, r1
    2040:	71 f0       	breq	.+28     	; 0x205e <.L77>
    2042:	86 b3       	in	r24, 0x16	; 22
    2044:	fb 01       	movw	r30, r22
    2046:	80 83       	st	Z, r24
    2048:	08 95       	ret

0000204a <.L71>:
    204a:	83 30       	cpi	r24, 0x03	; 3
    204c:	61 f4       	brne	.+24     	; 0x2066 <.L78>
    204e:	80 b3       	in	r24, 0x10	; 16
    2050:	fb 01       	movw	r30, r22
    2052:	80 83       	st	Z, r24
    2054:	08 95       	ret

00002056 <.L70>:
    2056:	83 b3       	in	r24, 0x13	; 19
    2058:	fb 01       	movw	r30, r22
    205a:	80 83       	st	Z, r24
    205c:	08 95       	ret

0000205e <.L77>:
    205e:	89 b3       	in	r24, 0x19	; 25
    2060:	fb 01       	movw	r30, r22
    2062:	80 83       	st	Z, r24
    2064:	08 95       	ret

00002066 <.L78>:
    2066:	08 95       	ret

00002068 <EXTI_Enable>:
    2068:	81 30       	cpi	r24, 0x01	; 1
    206a:	91 05       	cpc	r25, r1
    206c:	69 f0       	breq	.+26     	; 0x2088 <.L2>
    206e:	82 30       	cpi	r24, 0x02	; 2
    2070:	91 05       	cpc	r25, r1
    2072:	31 f0       	breq	.+12     	; 0x2080 <.L3>
    2074:	89 2b       	or	r24, r25
    2076:	39 f4       	brne	.+14     	; 0x2086 <.L1>
    2078:	8b b7       	in	r24, 0x3b	; 59
    207a:	80 64       	ori	r24, 0x40	; 64
    207c:	8b bf       	out	0x3b, r24	; 59
    207e:	08 95       	ret

00002080 <.L3>:
    2080:	8b b7       	in	r24, 0x3b	; 59
    2082:	80 62       	ori	r24, 0x20	; 32
    2084:	8b bf       	out	0x3b, r24	; 59

00002086 <.L1>:
    2086:	08 95       	ret

00002088 <.L2>:
    2088:	8b b7       	in	r24, 0x3b	; 59
    208a:	80 68       	ori	r24, 0x80	; 128
    208c:	8b bf       	out	0x3b, r24	; 59
    208e:	08 95       	ret

00002090 <EXTI_voidInit>:
    2090:	0f 93       	push	r16
    2092:	1f 93       	push	r17
    2094:	cf 93       	push	r28
    2096:	8c 01       	movw	r16, r24
    2098:	c6 2f       	mov	r28, r22
    209a:	64 30       	cpi	r22, 0x04	; 4
    209c:	f8 f4       	brcc	.+62     	; 0x20dc <.L6>
    209e:	82 30       	cpi	r24, 0x02	; 2
    20a0:	91 05       	cpc	r25, r1
    20a2:	01 f1       	breq	.+64     	; 0x20e4 <.L16>
    20a4:	01 97       	sbiw	r24, 0x01	; 1
    20a6:	98 f1       	brcs	.+102    	; 0x210e <.L12>
    20a8:	c9 f4       	brne	.+50     	; 0x20dc <.L6>
    20aa:	40 e0       	ldi	r20, 0x00	; 0
    20ac:	63 e0       	ldi	r22, 0x03	; 3
    20ae:	83 e0       	ldi	r24, 0x03	; 3
    20b0:	0e 94 9b 0f 	call	0x1f36	; 0x1f36 <DIO_voidSetPinDirection>
    20b4:	41 e0       	ldi	r20, 0x01	; 1
    20b6:	63 e0       	ldi	r22, 0x03	; 3
    20b8:	83 e0       	ldi	r24, 0x03	; 3
    20ba:	0e 94 55 0f 	call	0x1eaa	; 0x1eaa <DIO_voidSetPinValue>
    20be:	85 b7       	in	r24, 0x35	; 53
    20c0:	cc 0f       	add	r28, r28
    20c2:	cc 0f       	add	r28, r28
    20c4:	83 7f       	andi	r24, 0xF3	; 243
    20c6:	c8 2b       	or	r28, r24
    20c8:	c5 bf       	out	0x35, r28	; 53

000020ca <.L14>:
    20ca:	c8 01       	movw	r24, r16
    20cc:	0e 94 34 10 	call	0x2068	; 0x2068 <EXTI_Enable>
    20d0:	0f b6       	in	r0, 0x3f	; 63
    20d2:	07 fc       	sbrc	r0, 7
    20d4:	03 c0       	rjmp	.+6      	; 0x20dc <.L6>
    20d6:	8f b7       	in	r24, 0x3f	; 63
    20d8:	80 68       	ori	r24, 0x80	; 128
    20da:	8f bf       	out	0x3f, r24	; 63

000020dc <.L6>:
    20dc:	cf 91       	pop	r28
    20de:	1f 91       	pop	r17
    20e0:	0f 91       	pop	r16
    20e2:	08 95       	ret

000020e4 <.L16>:
    20e4:	62 30       	cpi	r22, 0x02	; 2
    20e6:	d0 f7       	brcc	.-12     	; 0x20dc <.L6>
    20e8:	40 e0       	ldi	r20, 0x00	; 0
    20ea:	62 e0       	ldi	r22, 0x02	; 2
    20ec:	81 e0       	ldi	r24, 0x01	; 1
    20ee:	0e 94 9b 0f 	call	0x1f36	; 0x1f36 <DIO_voidSetPinDirection>
    20f2:	41 e0       	ldi	r20, 0x01	; 1
    20f4:	62 e0       	ldi	r22, 0x02	; 2
    20f6:	81 e0       	ldi	r24, 0x01	; 1
    20f8:	0e 94 55 0f 	call	0x1eaa	; 0x1eaa <DIO_voidSetPinValue>
    20fc:	84 b7       	in	r24, 0x34	; 52
    20fe:	c2 95       	swap	r28
    2100:	cc 0f       	add	r28, r28
    2102:	cc 0f       	add	r28, r28
    2104:	c0 7c       	andi	r28, 0xC0	; 192
    2106:	8f 7b       	andi	r24, 0xBF	; 191
    2108:	c8 2b       	or	r28, r24
    210a:	c4 bf       	out	0x34, r28	; 52
    210c:	de cf       	rjmp	.-68     	; 0x20ca <.L14>

0000210e <.L12>:
    210e:	40 e0       	ldi	r20, 0x00	; 0
    2110:	62 e0       	ldi	r22, 0x02	; 2
    2112:	83 e0       	ldi	r24, 0x03	; 3
    2114:	0e 94 9b 0f 	call	0x1f36	; 0x1f36 <DIO_voidSetPinDirection>
    2118:	41 e0       	ldi	r20, 0x01	; 1
    211a:	62 e0       	ldi	r22, 0x02	; 2
    211c:	83 e0       	ldi	r24, 0x03	; 3
    211e:	0e 94 55 0f 	call	0x1eaa	; 0x1eaa <DIO_voidSetPinValue>
    2122:	85 b7       	in	r24, 0x35	; 53
    2124:	8c 7f       	andi	r24, 0xFC	; 252
    2126:	8c 2b       	or	r24, r28
    2128:	85 bf       	out	0x35, r24	; 53
    212a:	cf cf       	rjmp	.-98     	; 0x20ca <.L14>

0000212c <EXTI_Disable>:
    212c:	81 30       	cpi	r24, 0x01	; 1
    212e:	91 05       	cpc	r25, r1
    2130:	69 f0       	breq	.+26     	; 0x214c <.L18>
    2132:	82 30       	cpi	r24, 0x02	; 2
    2134:	91 05       	cpc	r25, r1
    2136:	31 f0       	breq	.+12     	; 0x2144 <.L19>
    2138:	89 2b       	or	r24, r25
    213a:	39 f4       	brne	.+14     	; 0x214a <.L17>
    213c:	8b b7       	in	r24, 0x3b	; 59
    213e:	8f 7b       	andi	r24, 0xBF	; 191
    2140:	8b bf       	out	0x3b, r24	; 59
    2142:	08 95       	ret

00002144 <.L19>:
    2144:	8b b7       	in	r24, 0x3b	; 59
    2146:	8f 7d       	andi	r24, 0xDF	; 223
    2148:	8b bf       	out	0x3b, r24	; 59

0000214a <.L17>:
    214a:	08 95       	ret

0000214c <.L18>:
    214c:	8b b7       	in	r24, 0x3b	; 59
    214e:	8f 77       	andi	r24, 0x7F	; 127
    2150:	8b bf       	out	0x3b, r24	; 59
    2152:	08 95       	ret

00002154 <EXTI_voidSetCallBackFunction>:
    2154:	81 30       	cpi	r24, 0x01	; 1
    2156:	91 05       	cpc	r25, r1
    2158:	79 f0       	breq	.+30     	; 0x2178 <.L22>
    215a:	82 30       	cpi	r24, 0x02	; 2
    215c:	91 05       	cpc	r25, r1
    215e:	39 f0       	breq	.+14     	; 0x216e <.L23>
    2160:	89 2b       	or	r24, r25
    2162:	49 f4       	brne	.+18     	; 0x2176 <.L21>
    2164:	60 93 0b 05 	sts	0x050B, r22	; 0x80050b <EXTI0_CallBack_GlobalSet>
    2168:	70 93 0c 05 	sts	0x050C, r23	; 0x80050c <EXTI0_CallBack_GlobalSet+0x1>
    216c:	08 95       	ret

0000216e <.L23>:
    216e:	60 93 07 05 	sts	0x0507, r22	; 0x800507 <EXTI2_CallBack_GlobalSet>
    2172:	70 93 08 05 	sts	0x0508, r23	; 0x800508 <EXTI2_CallBack_GlobalSet+0x1>

00002176 <.L21>:
    2176:	08 95       	ret

00002178 <.L22>:
    2178:	60 93 09 05 	sts	0x0509, r22	; 0x800509 <EXTI1_CallBack_GlobalSet>
    217c:	70 93 0a 05 	sts	0x050A, r23	; 0x80050a <EXTI1_CallBack_GlobalSet+0x1>
    2180:	08 95       	ret

00002182 <__vector_1>:
    2182:	1f 92       	push	r1
    2184:	0f 92       	push	r0
    2186:	0f b6       	in	r0, 0x3f	; 63
    2188:	0f 92       	push	r0
    218a:	11 24       	eor	r1, r1
    218c:	2f 93       	push	r18
    218e:	3f 93       	push	r19
    2190:	4f 93       	push	r20
    2192:	5f 93       	push	r21
    2194:	6f 93       	push	r22
    2196:	7f 93       	push	r23
    2198:	8f 93       	push	r24
    219a:	9f 93       	push	r25
    219c:	af 93       	push	r26
    219e:	bf 93       	push	r27
    21a0:	ef 93       	push	r30
    21a2:	ff 93       	push	r31
    21a4:	e0 91 0b 05 	lds	r30, 0x050B	; 0x80050b <EXTI0_CallBack_GlobalSet>
    21a8:	f0 91 0c 05 	lds	r31, 0x050C	; 0x80050c <EXTI0_CallBack_GlobalSet+0x1>
    21ac:	30 97       	sbiw	r30, 0x00	; 0
    21ae:	09 f0       	breq	.+2      	; 0x21b2 <.L25>
    21b0:	09 95       	icall

000021b2 <.L25>:
    21b2:	ff 91       	pop	r31
    21b4:	ef 91       	pop	r30
    21b6:	bf 91       	pop	r27
    21b8:	af 91       	pop	r26
    21ba:	9f 91       	pop	r25
    21bc:	8f 91       	pop	r24
    21be:	7f 91       	pop	r23
    21c0:	6f 91       	pop	r22
    21c2:	5f 91       	pop	r21
    21c4:	4f 91       	pop	r20
    21c6:	3f 91       	pop	r19
    21c8:	2f 91       	pop	r18
    21ca:	0f 90       	pop	r0
    21cc:	0f be       	out	0x3f, r0	; 63
    21ce:	0f 90       	pop	r0
    21d0:	1f 90       	pop	r1
    21d2:	18 95       	reti

000021d4 <__vector_2>:
    21d4:	1f 92       	push	r1
    21d6:	0f 92       	push	r0
    21d8:	0f b6       	in	r0, 0x3f	; 63
    21da:	0f 92       	push	r0
    21dc:	11 24       	eor	r1, r1
    21de:	2f 93       	push	r18
    21e0:	3f 93       	push	r19
    21e2:	4f 93       	push	r20
    21e4:	5f 93       	push	r21
    21e6:	6f 93       	push	r22
    21e8:	7f 93       	push	r23
    21ea:	8f 93       	push	r24
    21ec:	9f 93       	push	r25
    21ee:	af 93       	push	r26
    21f0:	bf 93       	push	r27
    21f2:	ef 93       	push	r30
    21f4:	ff 93       	push	r31
    21f6:	e0 91 09 05 	lds	r30, 0x0509	; 0x800509 <EXTI1_CallBack_GlobalSet>
    21fa:	f0 91 0a 05 	lds	r31, 0x050A	; 0x80050a <EXTI1_CallBack_GlobalSet+0x1>
    21fe:	30 97       	sbiw	r30, 0x00	; 0
    2200:	09 f0       	breq	.+2      	; 0x2204 <.L30>
    2202:	09 95       	icall

00002204 <.L30>:
    2204:	ff 91       	pop	r31
    2206:	ef 91       	pop	r30
    2208:	bf 91       	pop	r27
    220a:	af 91       	pop	r26
    220c:	9f 91       	pop	r25
    220e:	8f 91       	pop	r24
    2210:	7f 91       	pop	r23
    2212:	6f 91       	pop	r22
    2214:	5f 91       	pop	r21
    2216:	4f 91       	pop	r20
    2218:	3f 91       	pop	r19
    221a:	2f 91       	pop	r18
    221c:	0f 90       	pop	r0
    221e:	0f be       	out	0x3f, r0	; 63
    2220:	0f 90       	pop	r0
    2222:	1f 90       	pop	r1
    2224:	18 95       	reti

00002226 <__vector_3>:
    2226:	1f 92       	push	r1
    2228:	0f 92       	push	r0
    222a:	0f b6       	in	r0, 0x3f	; 63
    222c:	0f 92       	push	r0
    222e:	11 24       	eor	r1, r1
    2230:	2f 93       	push	r18
    2232:	3f 93       	push	r19
    2234:	4f 93       	push	r20
    2236:	5f 93       	push	r21
    2238:	6f 93       	push	r22
    223a:	7f 93       	push	r23
    223c:	8f 93       	push	r24
    223e:	9f 93       	push	r25
    2240:	af 93       	push	r26
    2242:	bf 93       	push	r27
    2244:	ef 93       	push	r30
    2246:	ff 93       	push	r31
    2248:	e0 91 07 05 	lds	r30, 0x0507	; 0x800507 <EXTI2_CallBack_GlobalSet>
    224c:	f0 91 08 05 	lds	r31, 0x0508	; 0x800508 <EXTI2_CallBack_GlobalSet+0x1>
    2250:	30 97       	sbiw	r30, 0x00	; 0
    2252:	09 f0       	breq	.+2      	; 0x2256 <.L35>
    2254:	09 95       	icall

00002256 <.L35>:
    2256:	ff 91       	pop	r31
    2258:	ef 91       	pop	r30
    225a:	bf 91       	pop	r27
    225c:	af 91       	pop	r26
    225e:	9f 91       	pop	r25
    2260:	8f 91       	pop	r24
    2262:	7f 91       	pop	r23
    2264:	6f 91       	pop	r22
    2266:	5f 91       	pop	r21
    2268:	4f 91       	pop	r20
    226a:	3f 91       	pop	r19
    226c:	2f 91       	pop	r18
    226e:	0f 90       	pop	r0
    2270:	0f be       	out	0x3f, r0	; 63
    2272:	0f 90       	pop	r0
    2274:	1f 90       	pop	r1
    2276:	18 95       	reti

00002278 <Timer0_voidInit>:
    2278:	80 93 17 05 	sts	0x0517, r24	; 0x800517 <Timer0_CurrentMode>
    227c:	90 93 18 05 	sts	0x0518, r25	; 0x800518 <Timer0_CurrentMode+0x1>
    2280:	60 93 15 05 	sts	0x0515, r22	; 0x800515 <Timer0_CurrentPrescaler>
    2284:	70 93 16 05 	sts	0x0516, r23	; 0x800516 <Timer0_CurrentPrescaler+0x1>
    2288:	13 be       	out	0x33, r1	; 51
    228a:	82 30       	cpi	r24, 0x02	; 2
    228c:	91 05       	cpc	r25, r1
    228e:	e9 f0       	breq	.+58     	; 0x22ca <.L2>
    2290:	70 f4       	brcc	.+28     	; 0x22ae <.L3>
    2292:	89 2b       	or	r24, r25
    2294:	61 f1       	breq	.+88     	; 0x22ee <.L10>
    2296:	83 b7       	in	r24, 0x33	; 51
    2298:	80 64       	ori	r24, 0x40	; 64
    229a:	83 bf       	out	0x33, r24	; 51
    229c:	83 b7       	in	r24, 0x33	; 51
    229e:	87 7f       	andi	r24, 0xF7	; 247
    22a0:	83 bf       	out	0x33, r24	; 51

000022a2 <.L7>:
    22a2:	83 b7       	in	r24, 0x33	; 51
    22a4:	88 7f       	andi	r24, 0xF8	; 248
    22a6:	67 70       	andi	r22, 0x07	; 7
    22a8:	86 2b       	or	r24, r22
    22aa:	83 bf       	out	0x33, r24	; 51
    22ac:	08 95       	ret

000022ae <.L3>:
    22ae:	03 97       	sbiw	r24, 0x03	; 3
    22b0:	c1 f7       	brne	.-16     	; 0x22a2 <.L7>
    22b2:	83 b7       	in	r24, 0x33	; 51
    22b4:	80 64       	ori	r24, 0x40	; 64
    22b6:	83 bf       	out	0x33, r24	; 51
    22b8:	83 b7       	in	r24, 0x33	; 51
    22ba:	88 60       	ori	r24, 0x08	; 8
    22bc:	83 bf       	out	0x33, r24	; 51
    22be:	83 b7       	in	r24, 0x33	; 51
    22c0:	88 7f       	andi	r24, 0xF8	; 248
    22c2:	67 70       	andi	r22, 0x07	; 7
    22c4:	86 2b       	or	r24, r22
    22c6:	83 bf       	out	0x33, r24	; 51
    22c8:	08 95       	ret

000022ca <.L2>:
    22ca:	83 b7       	in	r24, 0x33	; 51
    22cc:	8f 7b       	andi	r24, 0xBF	; 191
    22ce:	83 bf       	out	0x33, r24	; 51
    22d0:	83 b7       	in	r24, 0x33	; 51
    22d2:	88 60       	ori	r24, 0x08	; 8
    22d4:	83 bf       	out	0x33, r24	; 51
    22d6:	8c e7       	ldi	r24, 0x7C	; 124
    22d8:	8c bf       	out	0x3c, r24	; 60
    22da:	12 be       	out	0x32, r1	; 50
    22dc:	89 b7       	in	r24, 0x39	; 57
    22de:	82 60       	ori	r24, 0x02	; 2
    22e0:	89 bf       	out	0x39, r24	; 57
    22e2:	83 b7       	in	r24, 0x33	; 51
    22e4:	88 7f       	andi	r24, 0xF8	; 248
    22e6:	67 70       	andi	r22, 0x07	; 7
    22e8:	86 2b       	or	r24, r22
    22ea:	83 bf       	out	0x33, r24	; 51
    22ec:	08 95       	ret

000022ee <.L10>:
    22ee:	83 b7       	in	r24, 0x33	; 51
    22f0:	8f 7b       	andi	r24, 0xBF	; 191
    22f2:	83 bf       	out	0x33, r24	; 51
    22f4:	83 b7       	in	r24, 0x33	; 51
    22f6:	87 7f       	andi	r24, 0xF7	; 247
    22f8:	83 bf       	out	0x33, r24	; 51
    22fa:	83 e8       	ldi	r24, 0x83	; 131
    22fc:	82 bf       	out	0x32, r24	; 50
    22fe:	89 b7       	in	r24, 0x39	; 57
    2300:	81 60       	ori	r24, 0x01	; 1
    2302:	89 bf       	out	0x39, r24	; 57
    2304:	83 b7       	in	r24, 0x33	; 51
    2306:	88 7f       	andi	r24, 0xF8	; 248
    2308:	67 70       	andi	r22, 0x07	; 7
    230a:	86 2b       	or	r24, r22
    230c:	83 bf       	out	0x33, r24	; 51
    230e:	08 95       	ret

00002310 <Timer0_u8_my_delay_ms_OVF>:
    2310:	0f 93       	push	r16
    2312:	1f 93       	push	r17
    2314:	00 97       	sbiw	r24, 0x00	; 0
    2316:	19 f1       	breq	.+70     	; 0x235e <.L15>
    2318:	20 91 17 05 	lds	r18, 0x0517	; 0x800517 <Timer0_CurrentMode>
    231c:	30 91 18 05 	lds	r19, 0x0518	; 0x800518 <Timer0_CurrentMode+0x1>
    2320:	23 2b       	or	r18, r19
    2322:	e9 f4       	brne	.+58     	; 0x235e <.L15>
    2324:	00 91 11 05 	lds	r16, 0x0511	; 0x800511 <s_timer0_ticks>
    2328:	10 91 12 05 	lds	r17, 0x0512	; 0x800512 <s_timer0_ticks+0x1>
    232c:	20 91 13 05 	lds	r18, 0x0513	; 0x800513 <s_timer0_ticks+0x2>
    2330:	30 91 14 05 	lds	r19, 0x0514	; 0x800514 <s_timer0_ticks+0x3>

00002334 <.L13>:
    2334:	40 91 11 05 	lds	r20, 0x0511	; 0x800511 <s_timer0_ticks>
    2338:	50 91 12 05 	lds	r21, 0x0512	; 0x800512 <s_timer0_ticks+0x1>
    233c:	60 91 13 05 	lds	r22, 0x0513	; 0x800513 <s_timer0_ticks+0x2>
    2340:	70 91 14 05 	lds	r23, 0x0514	; 0x800514 <s_timer0_ticks+0x3>
    2344:	40 1b       	sub	r20, r16
    2346:	51 0b       	sbc	r21, r17
    2348:	62 0b       	sbc	r22, r18
    234a:	73 0b       	sbc	r23, r19
    234c:	48 17       	cp	r20, r24
    234e:	59 07       	cpc	r21, r25
    2350:	61 05       	cpc	r22, r1
    2352:	71 05       	cpc	r23, r1
    2354:	78 f3       	brcs	.-34     	; 0x2334 <.L13>
    2356:	81 e0       	ldi	r24, 0x01	; 1
    2358:	1f 91       	pop	r17
    235a:	0f 91       	pop	r16
    235c:	08 95       	ret

0000235e <.L15>:
    235e:	80 e0       	ldi	r24, 0x00	; 0
    2360:	1f 91       	pop	r17
    2362:	0f 91       	pop	r16
    2364:	08 95       	ret

00002366 <Timer0_u8_my_delay_ms_CTC>:
    2366:	0f 93       	push	r16
    2368:	1f 93       	push	r17
    236a:	00 97       	sbiw	r24, 0x00	; 0
    236c:	39 f0       	breq	.+14     	; 0x237c <.L21>
    236e:	20 91 17 05 	lds	r18, 0x0517	; 0x800517 <Timer0_CurrentMode>
    2372:	30 91 18 05 	lds	r19, 0x0518	; 0x800518 <Timer0_CurrentMode+0x1>
    2376:	22 30       	cpi	r18, 0x02	; 2
    2378:	31 05       	cpc	r19, r1
    237a:	21 f0       	breq	.+8      	; 0x2384 <.L23>

0000237c <.L21>:
    237c:	80 e0       	ldi	r24, 0x00	; 0
    237e:	1f 91       	pop	r17
    2380:	0f 91       	pop	r16
    2382:	08 95       	ret

00002384 <.L23>:
    2384:	00 91 11 05 	lds	r16, 0x0511	; 0x800511 <s_timer0_ticks>
    2388:	10 91 12 05 	lds	r17, 0x0512	; 0x800512 <s_timer0_ticks+0x1>
    238c:	20 91 13 05 	lds	r18, 0x0513	; 0x800513 <s_timer0_ticks+0x2>
    2390:	30 91 14 05 	lds	r19, 0x0514	; 0x800514 <s_timer0_ticks+0x3>

00002394 <.L19>:
    2394:	40 91 11 05 	lds	r20, 0x0511	; 0x800511 <s_timer0_ticks>
    2398:	50 91 12 05 	lds	r21, 0x0512	; 0x800512 <s_timer0_ticks+0x1>
    239c:	60 91 13 05 	lds	r22, 0x0513	; 0x800513 <s_timer0_ticks+0x2>
    23a0:	70 91 14 05 	lds	r23, 0x0514	; 0x800514 <s_timer0_ticks+0x3>
    23a4:	40 1b       	sub	r20, r16
    23a6:	51 0b       	sbc	r21, r17
    23a8:	62 0b       	sbc	r22, r18
    23aa:	73 0b       	sbc	r23, r19
    23ac:	48 17       	cp	r20, r24
    23ae:	59 07       	cpc	r21, r25
    23b0:	61 05       	cpc	r22, r1
    23b2:	71 05       	cpc	r23, r1
    23b4:	78 f3       	brcs	.-34     	; 0x2394 <.L19>
    23b6:	81 e0       	ldi	r24, 0x01	; 1
    23b8:	1f 91       	pop	r17
    23ba:	0f 91       	pop	r16
    23bc:	08 95       	ret

000023be <Timer0_voidSetCompareValue>:
    23be:	8c bf       	out	0x3c, r24	; 60
    23c0:	08 95       	ret

000023c2 <Timer0_voidSet_OVF_CallBack>:
    23c2:	80 93 0f 05 	sts	0x050F, r24	; 0x80050f <Timer0_CallBack_OVF>
    23c6:	90 93 10 05 	sts	0x0510, r25	; 0x800510 <Timer0_CallBack_OVF+0x1>
    23ca:	08 95       	ret

000023cc <Timer0_voidSet_CTC_CallBack>:
    23cc:	80 93 0d 05 	sts	0x050D, r24	; 0x80050d <Timer0_CallBack_CTC>
    23d0:	90 93 0e 05 	sts	0x050E, r25	; 0x80050e <Timer0_CallBack_CTC+0x1>
    23d4:	08 95       	ret

000023d6 <Timer0_voidEnableTimer>:
    23d6:	93 b7       	in	r25, 0x33	; 51
    23d8:	80 91 15 05 	lds	r24, 0x0515	; 0x800515 <Timer0_CurrentPrescaler>
    23dc:	87 70       	andi	r24, 0x07	; 7
    23de:	98 7f       	andi	r25, 0xF8	; 248
    23e0:	89 2b       	or	r24, r25
    23e2:	83 bf       	out	0x33, r24	; 51
    23e4:	08 95       	ret

000023e6 <Timer0_voidDisableTimer>:
    23e6:	83 b7       	in	r24, 0x33	; 51
    23e8:	88 7f       	andi	r24, 0xF8	; 248
    23ea:	83 bf       	out	0x33, r24	; 51
    23ec:	08 95       	ret

000023ee <__vector_10>:
    23ee:	1f 92       	push	r1
    23f0:	0f 92       	push	r0
    23f2:	0f b6       	in	r0, 0x3f	; 63
    23f4:	0f 92       	push	r0
    23f6:	11 24       	eor	r1, r1
    23f8:	2f 93       	push	r18
    23fa:	3f 93       	push	r19
    23fc:	4f 93       	push	r20
    23fe:	5f 93       	push	r21
    2400:	6f 93       	push	r22
    2402:	7f 93       	push	r23
    2404:	8f 93       	push	r24
    2406:	9f 93       	push	r25
    2408:	af 93       	push	r26
    240a:	bf 93       	push	r27
    240c:	ef 93       	push	r30
    240e:	ff 93       	push	r31
    2410:	80 91 11 05 	lds	r24, 0x0511	; 0x800511 <s_timer0_ticks>
    2414:	90 91 12 05 	lds	r25, 0x0512	; 0x800512 <s_timer0_ticks+0x1>
    2418:	a0 91 13 05 	lds	r26, 0x0513	; 0x800513 <s_timer0_ticks+0x2>
    241c:	b0 91 14 05 	lds	r27, 0x0514	; 0x800514 <s_timer0_ticks+0x3>
    2420:	01 96       	adiw	r24, 0x01	; 1
    2422:	a1 1d       	adc	r26, r1
    2424:	b1 1d       	adc	r27, r1
    2426:	80 93 11 05 	sts	0x0511, r24	; 0x800511 <s_timer0_ticks>
    242a:	90 93 12 05 	sts	0x0512, r25	; 0x800512 <s_timer0_ticks+0x1>
    242e:	a0 93 13 05 	sts	0x0513, r26	; 0x800513 <s_timer0_ticks+0x2>
    2432:	b0 93 14 05 	sts	0x0514, r27	; 0x800514 <s_timer0_ticks+0x3>
    2436:	e0 91 0d 05 	lds	r30, 0x050D	; 0x80050d <Timer0_CallBack_CTC>
    243a:	f0 91 0e 05 	lds	r31, 0x050E	; 0x80050e <Timer0_CallBack_CTC+0x1>
    243e:	30 97       	sbiw	r30, 0x00	; 0
    2440:	09 f0       	breq	.+2      	; 0x2444 <.L29>
    2442:	09 95       	icall

00002444 <.L29>:
    2444:	ff 91       	pop	r31
    2446:	ef 91       	pop	r30
    2448:	bf 91       	pop	r27
    244a:	af 91       	pop	r26
    244c:	9f 91       	pop	r25
    244e:	8f 91       	pop	r24
    2450:	7f 91       	pop	r23
    2452:	6f 91       	pop	r22
    2454:	5f 91       	pop	r21
    2456:	4f 91       	pop	r20
    2458:	3f 91       	pop	r19
    245a:	2f 91       	pop	r18
    245c:	0f 90       	pop	r0
    245e:	0f be       	out	0x3f, r0	; 63
    2460:	0f 90       	pop	r0
    2462:	1f 90       	pop	r1
    2464:	18 95       	reti

00002466 <__vector_11>:
    2466:	1f 92       	push	r1
    2468:	0f 92       	push	r0
    246a:	0f b6       	in	r0, 0x3f	; 63
    246c:	0f 92       	push	r0
    246e:	11 24       	eor	r1, r1
    2470:	2f 93       	push	r18
    2472:	3f 93       	push	r19
    2474:	4f 93       	push	r20
    2476:	5f 93       	push	r21
    2478:	6f 93       	push	r22
    247a:	7f 93       	push	r23
    247c:	8f 93       	push	r24
    247e:	9f 93       	push	r25
    2480:	af 93       	push	r26
    2482:	bf 93       	push	r27
    2484:	ef 93       	push	r30
    2486:	ff 93       	push	r31
    2488:	83 e8       	ldi	r24, 0x83	; 131
    248a:	82 bf       	out	0x32, r24	; 50
    248c:	80 91 11 05 	lds	r24, 0x0511	; 0x800511 <s_timer0_ticks>
    2490:	90 91 12 05 	lds	r25, 0x0512	; 0x800512 <s_timer0_ticks+0x1>
    2494:	a0 91 13 05 	lds	r26, 0x0513	; 0x800513 <s_timer0_ticks+0x2>
    2498:	b0 91 14 05 	lds	r27, 0x0514	; 0x800514 <s_timer0_ticks+0x3>
    249c:	01 96       	adiw	r24, 0x01	; 1
    249e:	a1 1d       	adc	r26, r1
    24a0:	b1 1d       	adc	r27, r1
    24a2:	80 93 11 05 	sts	0x0511, r24	; 0x800511 <s_timer0_ticks>
    24a6:	90 93 12 05 	sts	0x0512, r25	; 0x800512 <s_timer0_ticks+0x1>
    24aa:	a0 93 13 05 	sts	0x0513, r26	; 0x800513 <s_timer0_ticks+0x2>
    24ae:	b0 93 14 05 	sts	0x0514, r27	; 0x800514 <s_timer0_ticks+0x3>
    24b2:	e0 91 0f 05 	lds	r30, 0x050F	; 0x80050f <Timer0_CallBack_OVF>
    24b6:	f0 91 10 05 	lds	r31, 0x0510	; 0x800510 <Timer0_CallBack_OVF+0x1>
    24ba:	30 97       	sbiw	r30, 0x00	; 0
    24bc:	09 f0       	breq	.+2      	; 0x24c0 <.L34>
    24be:	09 95       	icall

000024c0 <.L34>:
    24c0:	ff 91       	pop	r31
    24c2:	ef 91       	pop	r30
    24c4:	bf 91       	pop	r27
    24c6:	af 91       	pop	r26
    24c8:	9f 91       	pop	r25
    24ca:	8f 91       	pop	r24
    24cc:	7f 91       	pop	r23
    24ce:	6f 91       	pop	r22
    24d0:	5f 91       	pop	r21
    24d2:	4f 91       	pop	r20
    24d4:	3f 91       	pop	r19
    24d6:	2f 91       	pop	r18
    24d8:	0f 90       	pop	r0
    24da:	0f be       	out	0x3f, r0	; 63
    24dc:	0f 90       	pop	r0
    24de:	1f 90       	pop	r1
    24e0:	18 95       	reti

000024e2 <Timer1_u8Init>:
    24e2:	1f bc       	out	0x2f, r1	; 47
    24e4:	1e bc       	out	0x2e, r1	; 46
    24e6:	8e 30       	cpi	r24, 0x0E	; 14
    24e8:	11 f0       	breq	.+4      	; 0x24ee <.L5>
    24ea:	80 e0       	ldi	r24, 0x00	; 0
    24ec:	08 95       	ret

000024ee <.L5>:
    24ee:	8f b5       	in	r24, 0x2f	; 47
    24f0:	8e 7f       	andi	r24, 0xFE	; 254
    24f2:	8f bd       	out	0x2f, r24	; 47
    24f4:	8f b5       	in	r24, 0x2f	; 47
    24f6:	82 60       	ori	r24, 0x02	; 2
    24f8:	8f bd       	out	0x2f, r24	; 47
    24fa:	8e b5       	in	r24, 0x2e	; 46
    24fc:	88 60       	ori	r24, 0x08	; 8
    24fe:	8e bd       	out	0x2e, r24	; 46
    2500:	8e b5       	in	r24, 0x2e	; 46
    2502:	80 61       	ori	r24, 0x10	; 16
    2504:	8e bd       	out	0x2e, r24	; 46
    2506:	8f b5       	in	r24, 0x2f	; 47
    2508:	80 68       	ori	r24, 0x80	; 128
    250a:	8f bd       	out	0x2f, r24	; 47
    250c:	8f b5       	in	r24, 0x2f	; 47
    250e:	8f 7b       	andi	r24, 0xBF	; 191
    2510:	8f bd       	out	0x2f, r24	; 47
    2512:	8f e1       	ldi	r24, 0x1F	; 31
    2514:	9e e4       	ldi	r25, 0x4E	; 78
    2516:	97 bd       	out	0x27, r25	; 39
    2518:	86 bd       	out	0x26, r24	; 38
    251a:	89 b7       	in	r24, 0x39	; 57
    251c:	84 60       	ori	r24, 0x04	; 4
    251e:	89 bf       	out	0x39, r24	; 57
    2520:	8e b5       	in	r24, 0x2e	; 46
    2522:	67 70       	andi	r22, 0x07	; 7
    2524:	88 7f       	andi	r24, 0xF8	; 248
    2526:	68 2b       	or	r22, r24
    2528:	6e bd       	out	0x2e, r22	; 46
    252a:	81 e0       	ldi	r24, 0x01	; 1
    252c:	08 95       	ret

0000252e <Timer1_u8_my_delay_ms>:
    252e:	cf 92       	push	r12
    2530:	df 92       	push	r13
    2532:	ef 92       	push	r14
    2534:	ff 92       	push	r15
    2536:	c0 90 19 05 	lds	r12, 0x0519	; 0x800519 <s_timer1_20ms_ticks>
    253a:	d0 90 1a 05 	lds	r13, 0x051A	; 0x80051a <s_timer1_20ms_ticks+0x1>
    253e:	e0 90 1b 05 	lds	r14, 0x051B	; 0x80051b <s_timer1_20ms_ticks+0x2>
    2542:	f0 90 1c 05 	lds	r15, 0x051C	; 0x80051c <s_timer1_20ms_ticks+0x3>
    2546:	84 31       	cpi	r24, 0x14	; 20
    2548:	91 05       	cpc	r25, r1
    254a:	28 f1       	brcs	.+74     	; 0x2596 <.L9>
    254c:	9c 01       	movw	r18, r24
    254e:	ad ec       	ldi	r26, 0xCD	; 205
    2550:	bc ec       	ldi	r27, 0xCC	; 204
    2552:	0e 94 4f 14 	call	0x289e	; 0x289e <__umulhisi3>
    2556:	92 95       	swap	r25
    2558:	82 95       	swap	r24
    255a:	8f 70       	andi	r24, 0x0F	; 15
    255c:	89 27       	eor	r24, r25
    255e:	9f 70       	andi	r25, 0x0F	; 15
    2560:	89 27       	eor	r24, r25
    2562:	ac 01       	movw	r20, r24
    2564:	60 e0       	ldi	r22, 0x00	; 0
    2566:	70 e0       	ldi	r23, 0x00	; 0

00002568 <.L8>:
    2568:	80 91 19 05 	lds	r24, 0x0519	; 0x800519 <s_timer1_20ms_ticks>
    256c:	90 91 1a 05 	lds	r25, 0x051A	; 0x80051a <s_timer1_20ms_ticks+0x1>
    2570:	a0 91 1b 05 	lds	r26, 0x051B	; 0x80051b <s_timer1_20ms_ticks+0x2>
    2574:	b0 91 1c 05 	lds	r27, 0x051C	; 0x80051c <s_timer1_20ms_ticks+0x3>
    2578:	8c 19       	sub	r24, r12
    257a:	9d 09       	sbc	r25, r13
    257c:	ae 09       	sbc	r26, r14
    257e:	bf 09       	sbc	r27, r15
    2580:	84 17       	cp	r24, r20
    2582:	95 07       	cpc	r25, r21
    2584:	a6 07       	cpc	r26, r22
    2586:	b7 07       	cpc	r27, r23
    2588:	78 f3       	brcs	.-34     	; 0x2568 <.L8>
    258a:	81 e0       	ldi	r24, 0x01	; 1
    258c:	ff 90       	pop	r15
    258e:	ef 90       	pop	r14
    2590:	df 90       	pop	r13
    2592:	cf 90       	pop	r12
    2594:	08 95       	ret

00002596 <.L9>:
    2596:	41 e0       	ldi	r20, 0x01	; 1
    2598:	50 e0       	ldi	r21, 0x00	; 0
    259a:	60 e0       	ldi	r22, 0x00	; 0
    259c:	70 e0       	ldi	r23, 0x00	; 0
    259e:	e4 cf       	rjmp	.-56     	; 0x2568 <.L8>

000025a0 <Timer1_u8SetCompareValue>:
    25a0:	61 30       	cpi	r22, 0x01	; 1
    25a2:	11 f0       	breq	.+4      	; 0x25a8 <.L14>
    25a4:	80 e0       	ldi	r24, 0x00	; 0
    25a6:	08 95       	ret

000025a8 <.L14>:
    25a8:	9b bd       	out	0x2b, r25	; 43
    25aa:	8a bd       	out	0x2a, r24	; 42
    25ac:	81 e0       	ldi	r24, 0x01	; 1
    25ae:	08 95       	ret

000025b0 <__vector_9>:
    25b0:	1f 92       	push	r1
    25b2:	1f b6       	in	r1, 0x3f	; 63
    25b4:	1f 92       	push	r1
    25b6:	11 24       	eor	r1, r1
    25b8:	8f 93       	push	r24
    25ba:	9f 93       	push	r25
    25bc:	af 93       	push	r26
    25be:	bf 93       	push	r27
    25c0:	80 91 19 05 	lds	r24, 0x0519	; 0x800519 <s_timer1_20ms_ticks>
    25c4:	90 91 1a 05 	lds	r25, 0x051A	; 0x80051a <s_timer1_20ms_ticks+0x1>
    25c8:	a0 91 1b 05 	lds	r26, 0x051B	; 0x80051b <s_timer1_20ms_ticks+0x2>
    25cc:	b0 91 1c 05 	lds	r27, 0x051C	; 0x80051c <s_timer1_20ms_ticks+0x3>
    25d0:	01 96       	adiw	r24, 0x01	; 1
    25d2:	a1 1d       	adc	r26, r1
    25d4:	b1 1d       	adc	r27, r1
    25d6:	80 93 19 05 	sts	0x0519, r24	; 0x800519 <s_timer1_20ms_ticks>
    25da:	90 93 1a 05 	sts	0x051A, r25	; 0x80051a <s_timer1_20ms_ticks+0x1>
    25de:	a0 93 1b 05 	sts	0x051B, r26	; 0x80051b <s_timer1_20ms_ticks+0x2>
    25e2:	b0 93 1c 05 	sts	0x051C, r27	; 0x80051c <s_timer1_20ms_ticks+0x3>
    25e6:	bf 91       	pop	r27
    25e8:	af 91       	pop	r26
    25ea:	9f 91       	pop	r25
    25ec:	8f 91       	pop	r24
    25ee:	1f 90       	pop	r1
    25f0:	1f be       	out	0x3f, r1	; 63
    25f2:	1f 90       	pop	r1
    25f4:	18 95       	reti

000025f6 <I2C_InitMaster>:
    25f6:	9f ef       	ldi	r25, 0xFF	; 255
    25f8:	98 0f       	add	r25, r24
    25fa:	97 37       	cpi	r25, 0x77	; 119
    25fc:	60 f4       	brcc	.+24     	; 0x2616 <.L1>
    25fe:	96 b7       	in	r25, 0x36	; 54
    2600:	94 60       	ori	r25, 0x04	; 4
    2602:	96 bf       	out	0x36, r25	; 54
    2604:	91 b1       	in	r25, 0x01	; 1
    2606:	9c 7f       	andi	r25, 0xFC	; 252
    2608:	91 b9       	out	0x01, r25	; 1
    260a:	91 b1       	in	r25, 0x01	; 1
    260c:	91 b9       	out	0x01, r25	; 1
    260e:	90 e2       	ldi	r25, 0x20	; 32
    2610:	90 b9       	out	0x00, r25	; 0
    2612:	88 0f       	add	r24, r24
    2614:	82 b9       	out	0x02, r24	; 2

00002616 <.L1>:
    2616:	08 95       	ret

00002618 <I2C_StartCondition>:
    2618:	84 ea       	ldi	r24, 0xA4	; 164
    261a:	86 bf       	out	0x36, r24	; 54
    261c:	80 ea       	ldi	r24, 0xA0	; 160
    261e:	96 e8       	ldi	r25, 0x86	; 134
    2620:	a1 e0       	ldi	r26, 0x01	; 1
    2622:	b0 e0       	ldi	r27, 0x00	; 0
    2624:	04 c0       	rjmp	.+8      	; 0x262e <.L5>

00002626 <.L7>:
    2626:	01 97       	sbiw	r24, 0x01	; 1
    2628:	a0 40       	sbci	r26, 0x00	; 0
    262a:	b0 40       	sbci	r27, 0x00	; 0
    262c:	59 f0       	breq	.+22     	; 0x2644 <.L10>

0000262e <.L5>:
    262e:	06 b6       	in	r0, 0x36	; 54
    2630:	07 fe       	sbrs	r0, 7
    2632:	f9 cf       	rjmp	.-14     	; 0x2626 <.L7>
    2634:	91 b1       	in	r25, 0x01	; 1
    2636:	98 7f       	andi	r25, 0xF8	; 248
    2638:	81 e0       	ldi	r24, 0x01	; 1
    263a:	98 30       	cpi	r25, 0x08	; 8
    263c:	09 f4       	brne	.+2      	; 0x2640 <.L8>
    263e:	80 e0       	ldi	r24, 0x00	; 0

00002640 <.L8>:
    2640:	90 e0       	ldi	r25, 0x00	; 0
    2642:	08 95       	ret

00002644 <.L10>:
    2644:	84 e0       	ldi	r24, 0x04	; 4
    2646:	86 bf       	out	0x36, r24	; 54
    2648:	80 e1       	ldi	r24, 0x10	; 16
    264a:	90 e0       	ldi	r25, 0x00	; 0
    264c:	08 95       	ret

0000264e <I2C_RepeatedStart>:
    264e:	84 ea       	ldi	r24, 0xA4	; 164
    2650:	86 bf       	out	0x36, r24	; 54
    2652:	80 ea       	ldi	r24, 0xA0	; 160
    2654:	96 e8       	ldi	r25, 0x86	; 134
    2656:	a1 e0       	ldi	r26, 0x01	; 1
    2658:	b0 e0       	ldi	r27, 0x00	; 0
    265a:	04 c0       	rjmp	.+8      	; 0x2664 <.L12>

0000265c <.L14>:
    265c:	01 97       	sbiw	r24, 0x01	; 1
    265e:	a0 40       	sbci	r26, 0x00	; 0
    2660:	b0 40       	sbci	r27, 0x00	; 0
    2662:	69 f0       	breq	.+26     	; 0x267e <.L17>

00002664 <.L12>:
    2664:	06 b6       	in	r0, 0x36	; 54
    2666:	07 fe       	sbrs	r0, 7
    2668:	f9 cf       	rjmp	.-14     	; 0x265c <.L14>
    266a:	21 b1       	in	r18, 0x01	; 1
    266c:	28 7f       	andi	r18, 0xF8	; 248
    266e:	81 e0       	ldi	r24, 0x01	; 1
    2670:	90 e0       	ldi	r25, 0x00	; 0
    2672:	20 31       	cpi	r18, 0x10	; 16
    2674:	09 f4       	brne	.+2      	; 0x2678 <.L15>
    2676:	80 e0       	ldi	r24, 0x00	; 0

00002678 <.L15>:
    2678:	88 0f       	add	r24, r24
    267a:	99 1f       	adc	r25, r25
    267c:	08 95       	ret

0000267e <.L17>:
    267e:	84 e0       	ldi	r24, 0x04	; 4
    2680:	86 bf       	out	0x36, r24	; 54
    2682:	80 e1       	ldi	r24, 0x10	; 16
    2684:	90 e0       	ldi	r25, 0x00	; 0
    2686:	08 95       	ret

00002688 <I2C_StopCondition>:
    2688:	84 e9       	ldi	r24, 0x94	; 148
    268a:	86 bf       	out	0x36, r24	; 54
    268c:	08 95       	ret

0000268e <I2C_SendSlaveAddressWrite>:
    268e:	88 37       	cpi	r24, 0x78	; 120
    2690:	f8 f4       	brcc	.+62     	; 0x26d0 <.L23>
    2692:	88 0f       	add	r24, r24
    2694:	83 b9       	out	0x03, r24	; 3
    2696:	84 e8       	ldi	r24, 0x84	; 132
    2698:	86 bf       	out	0x36, r24	; 54
    269a:	80 ea       	ldi	r24, 0xA0	; 160
    269c:	96 e8       	ldi	r25, 0x86	; 134
    269e:	a1 e0       	ldi	r26, 0x01	; 1
    26a0:	b0 e0       	ldi	r27, 0x00	; 0
    26a2:	04 c0       	rjmp	.+8      	; 0x26ac <.L21>

000026a4 <.L22>:
    26a4:	01 97       	sbiw	r24, 0x01	; 1
    26a6:	a0 40       	sbci	r26, 0x00	; 0
    26a8:	b0 40       	sbci	r27, 0x00	; 0
    26aa:	c1 f0       	breq	.+48     	; 0x26dc <.L28>

000026ac <.L21>:
    26ac:	06 b6       	in	r0, 0x36	; 54
    26ae:	07 fe       	sbrs	r0, 7
    26b0:	f9 cf       	rjmp	.-14     	; 0x26a4 <.L22>
    26b2:	81 b1       	in	r24, 0x01	; 1
    26b4:	88 7f       	andi	r24, 0xF8	; 248
    26b6:	88 31       	cpi	r24, 0x18	; 24
    26b8:	71 f0       	breq	.+28     	; 0x26d6 <.L24>
    26ba:	81 b1       	in	r24, 0x01	; 1
    26bc:	88 7f       	andi	r24, 0xF8	; 248
    26be:	80 32       	cpi	r24, 0x20	; 32
    26c0:	91 f0       	breq	.+36     	; 0x26e6 <.L25>
    26c2:	81 b1       	in	r24, 0x01	; 1
    26c4:	88 7f       	andi	r24, 0xF8	; 248
    26c6:	88 33       	cpi	r24, 0x38	; 56
    26c8:	89 f0       	breq	.+34     	; 0x26ec <.L26>
    26ca:	85 e0       	ldi	r24, 0x05	; 5
    26cc:	90 e0       	ldi	r25, 0x00	; 0
    26ce:	08 95       	ret

000026d0 <.L23>:
    26d0:	81 e1       	ldi	r24, 0x11	; 17
    26d2:	90 e0       	ldi	r25, 0x00	; 0
    26d4:	08 95       	ret

000026d6 <.L24>:
    26d6:	83 e0       	ldi	r24, 0x03	; 3
    26d8:	90 e0       	ldi	r25, 0x00	; 0
    26da:	08 95       	ret

000026dc <.L28>:
    26dc:	84 e0       	ldi	r24, 0x04	; 4
    26de:	86 bf       	out	0x36, r24	; 54
    26e0:	80 e1       	ldi	r24, 0x10	; 16
    26e2:	90 e0       	ldi	r25, 0x00	; 0
    26e4:	08 95       	ret

000026e6 <.L25>:
    26e6:	84 e0       	ldi	r24, 0x04	; 4
    26e8:	90 e0       	ldi	r25, 0x00	; 0
    26ea:	08 95       	ret

000026ec <.L26>:
    26ec:	8f e0       	ldi	r24, 0x0F	; 15
    26ee:	90 e0       	ldi	r25, 0x00	; 0
    26f0:	08 95       	ret

000026f2 <I2C_SendSlaveAddressRead>:
    26f2:	88 37       	cpi	r24, 0x78	; 120
    26f4:	00 f5       	brcc	.+64     	; 0x2736 <.L33>
    26f6:	88 0f       	add	r24, r24
    26f8:	81 60       	ori	r24, 0x01	; 1
    26fa:	83 b9       	out	0x03, r24	; 3
    26fc:	84 e8       	ldi	r24, 0x84	; 132
    26fe:	86 bf       	out	0x36, r24	; 54
    2700:	80 ea       	ldi	r24, 0xA0	; 160
    2702:	96 e8       	ldi	r25, 0x86	; 134
    2704:	a1 e0       	ldi	r26, 0x01	; 1
    2706:	b0 e0       	ldi	r27, 0x00	; 0
    2708:	04 c0       	rjmp	.+8      	; 0x2712 <.L31>

0000270a <.L32>:
    270a:	01 97       	sbiw	r24, 0x01	; 1
    270c:	a0 40       	sbci	r26, 0x00	; 0
    270e:	b0 40       	sbci	r27, 0x00	; 0
    2710:	c1 f0       	breq	.+48     	; 0x2742 <.L38>

00002712 <.L31>:
    2712:	06 b6       	in	r0, 0x36	; 54
    2714:	07 fe       	sbrs	r0, 7
    2716:	f9 cf       	rjmp	.-14     	; 0x270a <.L32>
    2718:	81 b1       	in	r24, 0x01	; 1
    271a:	88 7f       	andi	r24, 0xF8	; 248
    271c:	80 34       	cpi	r24, 0x40	; 64
    271e:	71 f0       	breq	.+28     	; 0x273c <.L34>
    2720:	81 b1       	in	r24, 0x01	; 1
    2722:	88 7f       	andi	r24, 0xF8	; 248
    2724:	88 34       	cpi	r24, 0x48	; 72
    2726:	91 f0       	breq	.+36     	; 0x274c <.L35>
    2728:	81 b1       	in	r24, 0x01	; 1
    272a:	88 7f       	andi	r24, 0xF8	; 248
    272c:	88 33       	cpi	r24, 0x38	; 56
    272e:	89 f0       	breq	.+34     	; 0x2752 <.L36>
    2730:	88 e0       	ldi	r24, 0x08	; 8
    2732:	90 e0       	ldi	r25, 0x00	; 0
    2734:	08 95       	ret

00002736 <.L33>:
    2736:	81 e1       	ldi	r24, 0x11	; 17
    2738:	90 e0       	ldi	r25, 0x00	; 0
    273a:	08 95       	ret

0000273c <.L34>:
    273c:	86 e0       	ldi	r24, 0x06	; 6
    273e:	90 e0       	ldi	r25, 0x00	; 0
    2740:	08 95       	ret

00002742 <.L38>:
    2742:	84 e0       	ldi	r24, 0x04	; 4
    2744:	86 bf       	out	0x36, r24	; 54
    2746:	80 e1       	ldi	r24, 0x10	; 16
    2748:	90 e0       	ldi	r25, 0x00	; 0
    274a:	08 95       	ret

0000274c <.L35>:
    274c:	87 e0       	ldi	r24, 0x07	; 7
    274e:	90 e0       	ldi	r25, 0x00	; 0
    2750:	08 95       	ret

00002752 <.L36>:
    2752:	8f e0       	ldi	r24, 0x0F	; 15
    2754:	90 e0       	ldi	r25, 0x00	; 0
    2756:	08 95       	ret

00002758 <I2C_WriteByte>:
    2758:	83 b9       	out	0x03, r24	; 3
    275a:	84 e8       	ldi	r24, 0x84	; 132
    275c:	86 bf       	out	0x36, r24	; 54
    275e:	80 ea       	ldi	r24, 0xA0	; 160
    2760:	96 e8       	ldi	r25, 0x86	; 134
    2762:	a1 e0       	ldi	r26, 0x01	; 1
    2764:	b0 e0       	ldi	r27, 0x00	; 0
    2766:	04 c0       	rjmp	.+8      	; 0x2770 <.L40>

00002768 <.L42>:
    2768:	01 97       	sbiw	r24, 0x01	; 1
    276a:	a0 40       	sbci	r26, 0x00	; 0
    276c:	b0 40       	sbci	r27, 0x00	; 0
    276e:	c1 f0       	breq	.+48     	; 0x27a0 <.L47>

00002770 <.L40>:
    2770:	06 b6       	in	r0, 0x36	; 54
    2772:	07 fe       	sbrs	r0, 7
    2774:	f9 cf       	rjmp	.-14     	; 0x2768 <.L42>
    2776:	81 b1       	in	r24, 0x01	; 1
    2778:	88 7f       	andi	r24, 0xF8	; 248
    277a:	88 32       	cpi	r24, 0x28	; 40
    277c:	71 f0       	breq	.+28     	; 0x279a <.L43>
    277e:	81 b1       	in	r24, 0x01	; 1
    2780:	88 7f       	andi	r24, 0xF8	; 248
    2782:	80 33       	cpi	r24, 0x30	; 48
    2784:	91 f0       	breq	.+36     	; 0x27aa <.L44>
    2786:	81 b1       	in	r24, 0x01	; 1
    2788:	88 7f       	andi	r24, 0xF8	; 248
    278a:	88 33       	cpi	r24, 0x38	; 56
    278c:	19 f0       	breq	.+6      	; 0x2794 <.L45>
    278e:	8b e0       	ldi	r24, 0x0B	; 11
    2790:	90 e0       	ldi	r25, 0x00	; 0
    2792:	08 95       	ret

00002794 <.L45>:
    2794:	8f e0       	ldi	r24, 0x0F	; 15
    2796:	90 e0       	ldi	r25, 0x00	; 0
    2798:	08 95       	ret

0000279a <.L43>:
    279a:	89 e0       	ldi	r24, 0x09	; 9
    279c:	90 e0       	ldi	r25, 0x00	; 0
    279e:	08 95       	ret

000027a0 <.L47>:
    27a0:	84 e0       	ldi	r24, 0x04	; 4
    27a2:	86 bf       	out	0x36, r24	; 54
    27a4:	80 e1       	ldi	r24, 0x10	; 16
    27a6:	90 e0       	ldi	r25, 0x00	; 0
    27a8:	08 95       	ret

000027aa <.L44>:
    27aa:	8a e0       	ldi	r24, 0x0A	; 10
    27ac:	90 e0       	ldi	r25, 0x00	; 0
    27ae:	08 95       	ret

000027b0 <I2C_ReadByteAck>:
    27b0:	fc 01       	movw	r30, r24
    27b2:	89 2b       	or	r24, r25
    27b4:	b1 f0       	breq	.+44     	; 0x27e2 <.L52>
    27b6:	84 ec       	ldi	r24, 0xC4	; 196
    27b8:	86 bf       	out	0x36, r24	; 54
    27ba:	40 ea       	ldi	r20, 0xA0	; 160
    27bc:	56 e8       	ldi	r21, 0x86	; 134
    27be:	61 e0       	ldi	r22, 0x01	; 1
    27c0:	70 e0       	ldi	r23, 0x00	; 0
    27c2:	05 c0       	rjmp	.+10     	; 0x27ce <.L50>

000027c4 <.L51>:
    27c4:	41 50       	subi	r20, 0x01	; 1
    27c6:	50 40       	sbci	r21, 0x00	; 0
    27c8:	60 40       	sbci	r22, 0x00	; 0
    27ca:	70 40       	sbci	r23, 0x00	; 0
    27cc:	91 f0       	breq	.+36     	; 0x27f2 <.L55>

000027ce <.L50>:
    27ce:	06 b6       	in	r0, 0x36	; 54
    27d0:	07 fe       	sbrs	r0, 7
    27d2:	f8 cf       	rjmp	.-16     	; 0x27c4 <.L51>
    27d4:	91 b1       	in	r25, 0x01	; 1
    27d6:	98 7f       	andi	r25, 0xF8	; 248
    27d8:	90 35       	cpi	r25, 0x50	; 80
    27da:	31 f0       	breq	.+12     	; 0x27e8 <.L56>
    27dc:	8e e0       	ldi	r24, 0x0E	; 14
    27de:	90 e0       	ldi	r25, 0x00	; 0
    27e0:	08 95       	ret

000027e2 <.L52>:
    27e2:	82 e1       	ldi	r24, 0x12	; 18
    27e4:	90 e0       	ldi	r25, 0x00	; 0
    27e6:	08 95       	ret

000027e8 <.L56>:
    27e8:	83 b1       	in	r24, 0x03	; 3
    27ea:	80 83       	st	Z, r24
    27ec:	8c e0       	ldi	r24, 0x0C	; 12
    27ee:	90 e0       	ldi	r25, 0x00	; 0
    27f0:	08 95       	ret

000027f2 <.L55>:
    27f2:	84 e0       	ldi	r24, 0x04	; 4
    27f4:	86 bf       	out	0x36, r24	; 54
    27f6:	80 e1       	ldi	r24, 0x10	; 16
    27f8:	90 e0       	ldi	r25, 0x00	; 0
    27fa:	08 95       	ret

000027fc <I2C_ReadByteNack>:
    27fc:	fc 01       	movw	r30, r24
    27fe:	89 2b       	or	r24, r25
    2800:	b1 f0       	breq	.+44     	; 0x282e <.L61>
    2802:	84 e8       	ldi	r24, 0x84	; 132
    2804:	86 bf       	out	0x36, r24	; 54
    2806:	40 ea       	ldi	r20, 0xA0	; 160
    2808:	56 e8       	ldi	r21, 0x86	; 134
    280a:	61 e0       	ldi	r22, 0x01	; 1
    280c:	70 e0       	ldi	r23, 0x00	; 0
    280e:	05 c0       	rjmp	.+10     	; 0x281a <.L59>

00002810 <.L60>:
    2810:	41 50       	subi	r20, 0x01	; 1
    2812:	50 40       	sbci	r21, 0x00	; 0
    2814:	60 40       	sbci	r22, 0x00	; 0
    2816:	70 40       	sbci	r23, 0x00	; 0
    2818:	91 f0       	breq	.+36     	; 0x283e <.L64>

0000281a <.L59>:
    281a:	06 b6       	in	r0, 0x36	; 54
    281c:	07 fe       	sbrs	r0, 7
    281e:	f8 cf       	rjmp	.-16     	; 0x2810 <.L60>
    2820:	91 b1       	in	r25, 0x01	; 1
    2822:	98 7f       	andi	r25, 0xF8	; 248
    2824:	98 35       	cpi	r25, 0x58	; 88
    2826:	31 f0       	breq	.+12     	; 0x2834 <.L65>
    2828:	8e e0       	ldi	r24, 0x0E	; 14
    282a:	90 e0       	ldi	r25, 0x00	; 0
    282c:	08 95       	ret

0000282e <.L61>:
    282e:	82 e1       	ldi	r24, 0x12	; 18
    2830:	90 e0       	ldi	r25, 0x00	; 0
    2832:	08 95       	ret

00002834 <.L65>:
    2834:	83 b1       	in	r24, 0x03	; 3
    2836:	80 83       	st	Z, r24
    2838:	8d e0       	ldi	r24, 0x0D	; 13
    283a:	90 e0       	ldi	r25, 0x00	; 0
    283c:	08 95       	ret

0000283e <.L64>:
    283e:	84 e0       	ldi	r24, 0x04	; 4
    2840:	86 bf       	out	0x36, r24	; 54
    2842:	80 e1       	ldi	r24, 0x10	; 16
    2844:	90 e0       	ldi	r25, 0x00	; 0
    2846:	08 95       	ret

00002848 <main>:
    2848:	41 e0       	ldi	r20, 0x01	; 1
    284a:	65 e0       	ldi	r22, 0x05	; 5
    284c:	83 e0       	ldi	r24, 0x03	; 3
    284e:	0e 94 9b 0f 	call	0x1f36	; 0x1f36 <DIO_voidSetPinDirection>
    2852:	62 e0       	ldi	r22, 0x02	; 2
    2854:	8e e0       	ldi	r24, 0x0E	; 14
    2856:	0e 94 71 12 	call	0x24e2	; 0x24e2 <Timer1_u8Init>
    285a:	8f b7       	in	r24, 0x3f	; 63
    285c:	80 68       	ori	r24, 0x80	; 128
    285e:	8f bf       	out	0x3f, r24	; 63

00002860 <.L4>:
    2860:	c8 ee       	ldi	r28, 0xE8	; 232
    2862:	d3 e0       	ldi	r29, 0x03	; 3

00002864 <.L2>:
    2864:	61 e0       	ldi	r22, 0x01	; 1
    2866:	ce 01       	movw	r24, r28
    2868:	0e 94 d0 12 	call	0x25a0	; 0x25a0 <Timer1_u8SetCompareValue>
    286c:	88 ee       	ldi	r24, 0xE8	; 232
    286e:	93 e0       	ldi	r25, 0x03	; 3
    2870:	0e 94 97 12 	call	0x252e	; 0x252e <Timer1_u8_my_delay_ms>
    2874:	e7 96       	adiw	r28, 0x37	; 55
    2876:	cd 3f       	cpi	r28, 0xFD	; 253
    2878:	87 e0       	ldi	r24, 0x07	; 7
    287a:	d8 07       	cpc	r29, r24
    287c:	99 f7       	brne	.-26     	; 0x2864 <.L2>
    287e:	c9 e9       	ldi	r28, 0x99	; 153
    2880:	d7 e0       	ldi	r29, 0x07	; 7

00002882 <.L3>:
    2882:	61 e0       	ldi	r22, 0x01	; 1
    2884:	ce 01       	movw	r24, r28
    2886:	0e 94 d0 12 	call	0x25a0	; 0x25a0 <Timer1_u8SetCompareValue>
    288a:	88 ee       	ldi	r24, 0xE8	; 232
    288c:	93 e0       	ldi	r25, 0x03	; 3
    288e:	0e 94 97 12 	call	0x252e	; 0x252e <Timer1_u8_my_delay_ms>
    2892:	e7 97       	sbiw	r28, 0x37	; 55
    2894:	cb 3b       	cpi	r28, 0xBB	; 187
    2896:	83 e0       	ldi	r24, 0x03	; 3
    2898:	d8 07       	cpc	r29, r24
    289a:	99 f7       	brne	.-26     	; 0x2882 <.L3>
    289c:	e1 cf       	rjmp	.-62     	; 0x2860 <.L4>

0000289e <__umulhisi3>:
    289e:	a2 9f       	mul	r26, r18

000028a0 <.Loc.1>:
    28a0:	b0 01       	movw	r22, r0

000028a2 <.Loc.2>:
    28a2:	b3 9f       	mul	r27, r19

000028a4 <.Loc.3>:
    28a4:	c0 01       	movw	r24, r0

000028a6 <.Loc.4>:
    28a6:	a3 9f       	mul	r26, r19

000028a8 <.Loc.5>:
    28a8:	70 0d       	add	r23, r0

000028aa <.Loc.6>:
    28aa:	81 1d       	adc	r24, r1

000028ac <.Loc.7>:
    28ac:	11 24       	eor	r1, r1

000028ae <.Loc.8>:
    28ae:	91 1d       	adc	r25, r1

000028b0 <.Loc.9>:
    28b0:	b2 9f       	mul	r27, r18

000028b2 <.Loc.10>:
    28b2:	70 0d       	add	r23, r0

000028b4 <.Loc.11>:
    28b4:	81 1d       	adc	r24, r1

000028b6 <.Loc.12>:
    28b6:	11 24       	eor	r1, r1

000028b8 <.Loc.13>:
    28b8:	91 1d       	adc	r25, r1

000028ba <.Loc.14>:
    28ba:	08 95       	ret

000028bc <__divmodsi4>:
    28bc:	05 2e       	mov	r0, r21

000028be <.Loc.1>:
    28be:	97 fb       	bst	r25, 7

000028c0 <.Loc.2>:
    28c0:	1e f4       	brtc	.+6      	; 0x28c8 <.L0^B1>

000028c2 <.Loc.3>:
    28c2:	00 94       	com	r0

000028c4 <.Loc.4>:
    28c4:	0e 94 75 14 	call	0x28ea	; 0x28ea <__negsi2>

000028c8 <.L0^B1>:
    28c8:	57 fd       	sbrc	r21, 7

000028ca <.Loc.6>:
    28ca:	07 d0       	rcall	.+14     	; 0x28da <__divmodsi4_neg2>

000028cc <.Loc.7>:
    28cc:	0e 94 7d 14 	call	0x28fa	; 0x28fa <__udivmodsi4>

000028d0 <.Loc.8>:
    28d0:	07 fc       	sbrc	r0, 7

000028d2 <.Loc.9>:
    28d2:	03 d0       	rcall	.+6      	; 0x28da <__divmodsi4_neg2>

000028d4 <.Loc.10>:
    28d4:	4e f4       	brtc	.+18     	; 0x28e8 <__divmodsi4_exit>

000028d6 <.Loc.11>:
    28d6:	0c 94 75 14 	jmp	0x28ea	; 0x28ea <__negsi2>

000028da <__divmodsi4_neg2>:
    28da:	50 95       	com	r21

000028dc <.Loc.13>:
    28dc:	40 95       	com	r20

000028de <.Loc.14>:
    28de:	30 95       	com	r19

000028e0 <.Loc.15>:
    28e0:	21 95       	neg	r18

000028e2 <.Loc.16>:
    28e2:	3f 4f       	sbci	r19, 0xFF	; 255

000028e4 <.Loc.17>:
    28e4:	4f 4f       	sbci	r20, 0xFF	; 255

000028e6 <.Loc.18>:
    28e6:	5f 4f       	sbci	r21, 0xFF	; 255

000028e8 <__divmodsi4_exit>:
    28e8:	08 95       	ret

000028ea <__negsi2>:
    28ea:	90 95       	com	r25
    28ec:	80 95       	com	r24
    28ee:	70 95       	com	r23
    28f0:	61 95       	neg	r22
    28f2:	7f 4f       	sbci	r23, 0xFF	; 255
    28f4:	8f 4f       	sbci	r24, 0xFF	; 255
    28f6:	9f 4f       	sbci	r25, 0xFF	; 255

000028f8 <.Loc.1>:
    28f8:	08 95       	ret

000028fa <__udivmodsi4>:
    28fa:	a1 e2       	ldi	r26, 0x21	; 33

000028fc <.Loc.1>:
    28fc:	1a 2e       	mov	r1, r26

000028fe <.Loc.2>:
    28fe:	aa 1b       	sub	r26, r26

00002900 <.Loc.3>:
    2900:	bb 1b       	sub	r27, r27

00002902 <.Loc.4>:
    2902:	fd 01       	movw	r30, r26

00002904 <.Loc.5>:
    2904:	0d c0       	rjmp	.+26     	; 0x2920 <__udivmodsi4_ep>

00002906 <__udivmodsi4_loop>:
    2906:	aa 1f       	adc	r26, r26

00002908 <.Loc.7>:
    2908:	bb 1f       	adc	r27, r27

0000290a <.Loc.8>:
    290a:	ee 1f       	adc	r30, r30

0000290c <.Loc.9>:
    290c:	ff 1f       	adc	r31, r31

0000290e <.Loc.10>:
    290e:	a2 17       	cp	r26, r18

00002910 <.Loc.11>:
    2910:	b3 07       	cpc	r27, r19

00002912 <.Loc.12>:
    2912:	e4 07       	cpc	r30, r20

00002914 <.Loc.13>:
    2914:	f5 07       	cpc	r31, r21

00002916 <.Loc.14>:
    2916:	20 f0       	brcs	.+8      	; 0x2920 <__udivmodsi4_ep>

00002918 <.Loc.15>:
    2918:	a2 1b       	sub	r26, r18

0000291a <.Loc.16>:
    291a:	b3 0b       	sbc	r27, r19

0000291c <.Loc.17>:
    291c:	e4 0b       	sbc	r30, r20

0000291e <.Loc.18>:
    291e:	f5 0b       	sbc	r31, r21

00002920 <__udivmodsi4_ep>:
    2920:	66 1f       	adc	r22, r22

00002922 <.Loc.20>:
    2922:	77 1f       	adc	r23, r23

00002924 <.Loc.21>:
    2924:	88 1f       	adc	r24, r24

00002926 <.Loc.22>:
    2926:	99 1f       	adc	r25, r25

00002928 <.Loc.23>:
    2928:	1a 94       	dec	r1

0000292a <.Loc.24>:
    292a:	69 f7       	brne	.-38     	; 0x2906 <__udivmodsi4_loop>

0000292c <.Loc.25>:
    292c:	60 95       	com	r22

0000292e <.Loc.26>:
    292e:	70 95       	com	r23

00002930 <.Loc.27>:
    2930:	80 95       	com	r24

00002932 <.Loc.28>:
    2932:	90 95       	com	r25

00002934 <.Loc.29>:
    2934:	9b 01       	movw	r18, r22

00002936 <.Loc.30>:
    2936:	ac 01       	movw	r20, r24

00002938 <.Loc.31>:
    2938:	bd 01       	movw	r22, r26

0000293a <.Loc.32>:
    293a:	cf 01       	movw	r24, r30

0000293c <.Loc.33>:
    293c:	08 95       	ret

0000293e <__floatunsisf>:
    293e:	e8 94       	clt
    2940:	09 c0       	rjmp	.+18     	; 0x2954 <.L1^B1>

00002942 <__floatsisf>:
    2942:	97 fb       	bst	r25, 7
    2944:	3e f4       	brtc	.+14     	; 0x2954 <.L1^B1>
    2946:	90 95       	com	r25
    2948:	80 95       	com	r24
    294a:	70 95       	com	r23
    294c:	61 95       	neg	r22
    294e:	7f 4f       	sbci	r23, 0xFF	; 255
    2950:	8f 4f       	sbci	r24, 0xFF	; 255
    2952:	9f 4f       	sbci	r25, 0xFF	; 255

00002954 <.L1^B1>:
    2954:	99 23       	and	r25, r25
    2956:	a9 f0       	breq	.+42     	; 0x2982 <.L4^B1>
    2958:	f9 2f       	mov	r31, r25
    295a:	96 e9       	ldi	r25, 0x96	; 150
    295c:	bb 27       	eor	r27, r27

0000295e <.L2^B1>:
    295e:	93 95       	inc	r25
    2960:	f6 95       	lsr	r31
    2962:	87 95       	ror	r24
    2964:	77 95       	ror	r23
    2966:	67 95       	ror	r22
    2968:	b7 95       	ror	r27
    296a:	f1 11       	cpse	r31, r1
    296c:	f8 cf       	rjmp	.-16     	; 0x295e <.L2^B1>
    296e:	fa f4       	brpl	.+62     	; 0x29ae <.L_pack>
    2970:	bb 0f       	add	r27, r27
    2972:	11 f4       	brne	.+4      	; 0x2978 <.L3^B1>
    2974:	60 ff       	sbrs	r22, 0
    2976:	1b c0       	rjmp	.+54     	; 0x29ae <.L_pack>

00002978 <.L3^B1>:
    2978:	6f 5f       	subi	r22, 0xFF	; 255
    297a:	7f 4f       	sbci	r23, 0xFF	; 255
    297c:	8f 4f       	sbci	r24, 0xFF	; 255
    297e:	9f 4f       	sbci	r25, 0xFF	; 255
    2980:	16 c0       	rjmp	.+44     	; 0x29ae <.L_pack>

00002982 <.L4^B1>:
    2982:	88 23       	and	r24, r24
    2984:	11 f0       	breq	.+4      	; 0x298a <.L5^B1>
    2986:	96 e9       	ldi	r25, 0x96	; 150
    2988:	11 c0       	rjmp	.+34     	; 0x29ac <.L8^B1>

0000298a <.L5^B1>:
    298a:	77 23       	and	r23, r23
    298c:	21 f0       	breq	.+8      	; 0x2996 <.L6^B1>
    298e:	9e e8       	ldi	r25, 0x8E	; 142
    2990:	87 2f       	mov	r24, r23
    2992:	76 2f       	mov	r23, r22
    2994:	05 c0       	rjmp	.+10     	; 0x29a0 <.L7^B1>

00002996 <.L6^B1>:
    2996:	66 23       	and	r22, r22
    2998:	71 f0       	breq	.+28     	; 0x29b6 <.L9^B1>
    299a:	96 e8       	ldi	r25, 0x86	; 134
    299c:	86 2f       	mov	r24, r22
    299e:	70 e0       	ldi	r23, 0x00	; 0

000029a0 <.L7^B1>:
    29a0:	60 e0       	ldi	r22, 0x00	; 0
    29a2:	2a f0       	brmi	.+10     	; 0x29ae <.L_pack>

000029a4 <.L10^B1>:
    29a4:	9a 95       	dec	r25
    29a6:	66 0f       	add	r22, r22
    29a8:	77 1f       	adc	r23, r23
    29aa:	88 1f       	adc	r24, r24

000029ac <.L8^B1>:
    29ac:	da f7       	brpl	.-10     	; 0x29a4 <.L10^B1>

000029ae <.L_pack>:
    29ae:	88 0f       	add	r24, r24
    29b0:	96 95       	lsr	r25
    29b2:	87 95       	ror	r24
    29b4:	97 f9       	bld	r25, 7

000029b6 <.L9^B1>:
    29b6:	08 95       	ret

000029b8 <__mulsf3>:
    29b8:	0e 94 ef 14 	call	0x29de	; 0x29de <__mulsf3x>
    29bc:	0c 94 60 15 	jmp	0x2ac0	; 0x2ac0 <__fp_round>

000029c0 <.L0^B1>:
    29c0:	0e 94 52 15 	call	0x2aa4	; 0x2aa4 <__fp_pscA>
    29c4:	38 f0       	brcs	.+14     	; 0x29d4 <.L1^B1>
    29c6:	0e 94 59 15 	call	0x2ab2	; 0x2ab2 <__fp_pscB>
    29ca:	20 f0       	brcs	.+8      	; 0x29d4 <.L1^B1>
    29cc:	95 23       	and	r25, r21
    29ce:	11 f0       	breq	.+4      	; 0x29d4 <.L1^B1>
    29d0:	0c 94 49 15 	jmp	0x2a92	; 0x2a92 <__fp_inf>

000029d4 <.L1^B1>:
    29d4:	0c 94 4f 15 	jmp	0x2a9e	; 0x2a9e <__fp_nan>

000029d8 <.L2^B1>:
    29d8:	11 24       	eor	r1, r1
    29da:	0c 94 94 15 	jmp	0x2b28	; 0x2b28 <__fp_szero>

000029de <__mulsf3x>:
    29de:	0e 94 71 15 	call	0x2ae2	; 0x2ae2 <__fp_split3>
    29e2:	70 f3       	brcs	.-36     	; 0x29c0 <.L0^B1>

000029e4 <__mulsf3_pse>:
    29e4:	95 9f       	mul	r25, r21
    29e6:	c1 f3       	breq	.-16     	; 0x29d8 <.L2^B1>
    29e8:	95 0f       	add	r25, r21
    29ea:	50 e0       	ldi	r21, 0x00	; 0
    29ec:	55 1f       	adc	r21, r21
    29ee:	62 9f       	mul	r22, r18
    29f0:	f0 01       	movw	r30, r0
    29f2:	72 9f       	mul	r23, r18
    29f4:	bb 27       	eor	r27, r27
    29f6:	f0 0d       	add	r31, r0
    29f8:	b1 1d       	adc	r27, r1
    29fa:	63 9f       	mul	r22, r19
    29fc:	aa 27       	eor	r26, r26
    29fe:	f0 0d       	add	r31, r0
    2a00:	b1 1d       	adc	r27, r1
    2a02:	aa 1f       	adc	r26, r26
    2a04:	64 9f       	mul	r22, r20
    2a06:	66 27       	eor	r22, r22
    2a08:	b0 0d       	add	r27, r0
    2a0a:	a1 1d       	adc	r26, r1
    2a0c:	66 1f       	adc	r22, r22
    2a0e:	82 9f       	mul	r24, r18
    2a10:	22 27       	eor	r18, r18
    2a12:	b0 0d       	add	r27, r0
    2a14:	a1 1d       	adc	r26, r1
    2a16:	62 1f       	adc	r22, r18
    2a18:	73 9f       	mul	r23, r19
    2a1a:	b0 0d       	add	r27, r0
    2a1c:	a1 1d       	adc	r26, r1
    2a1e:	62 1f       	adc	r22, r18
    2a20:	83 9f       	mul	r24, r19
    2a22:	a0 0d       	add	r26, r0
    2a24:	61 1d       	adc	r22, r1
    2a26:	22 1f       	adc	r18, r18
    2a28:	74 9f       	mul	r23, r20
    2a2a:	33 27       	eor	r19, r19
    2a2c:	a0 0d       	add	r26, r0
    2a2e:	61 1d       	adc	r22, r1
    2a30:	23 1f       	adc	r18, r19
    2a32:	84 9f       	mul	r24, r20
    2a34:	60 0d       	add	r22, r0
    2a36:	21 1d       	adc	r18, r1
    2a38:	82 2f       	mov	r24, r18
    2a3a:	76 2f       	mov	r23, r22
    2a3c:	6a 2f       	mov	r22, r26
    2a3e:	11 24       	eor	r1, r1
    2a40:	9f 57       	subi	r25, 0x7F	; 127
    2a42:	50 40       	sbci	r21, 0x00	; 0
    2a44:	9a f0       	brmi	.+38     	; 0x2a6c <.L13^B1>
    2a46:	f1 f0       	breq	.+60     	; 0x2a84 <.L15^B1>

00002a48 <.L10^B1>:
    2a48:	88 23       	and	r24, r24
    2a4a:	4a f0       	brmi	.+18     	; 0x2a5e <.L11^B1>
    2a4c:	ee 0f       	add	r30, r30
    2a4e:	ff 1f       	adc	r31, r31
    2a50:	bb 1f       	adc	r27, r27
    2a52:	66 1f       	adc	r22, r22
    2a54:	77 1f       	adc	r23, r23
    2a56:	88 1f       	adc	r24, r24
    2a58:	91 50       	subi	r25, 0x01	; 1
    2a5a:	50 40       	sbci	r21, 0x00	; 0
    2a5c:	a9 f7       	brne	.-22     	; 0x2a48 <.L10^B1>

00002a5e <.L11^B1>:
    2a5e:	9e 3f       	cpi	r25, 0xFE	; 254
    2a60:	51 05       	cpc	r21, r1
    2a62:	80 f0       	brcs	.+32     	; 0x2a84 <.L15^B1>
    2a64:	0c 94 49 15 	jmp	0x2a92	; 0x2a92 <__fp_inf>

00002a68 <.L12^B1>:
    2a68:	0c 94 94 15 	jmp	0x2b28	; 0x2b28 <__fp_szero>

00002a6c <.L13^B1>:
    2a6c:	5f 3f       	cpi	r21, 0xFF	; 255
    2a6e:	e4 f3       	brlt	.-8      	; 0x2a68 <.L12^B1>
    2a70:	98 3e       	cpi	r25, 0xE8	; 232
    2a72:	d4 f3       	brlt	.-12     	; 0x2a68 <.L12^B1>

00002a74 <.L14^B1>:
    2a74:	86 95       	lsr	r24
    2a76:	77 95       	ror	r23
    2a78:	67 95       	ror	r22
    2a7a:	b7 95       	ror	r27
    2a7c:	f7 95       	ror	r31
    2a7e:	e7 95       	ror	r30
    2a80:	9f 5f       	subi	r25, 0xFF	; 255
    2a82:	c1 f7       	brne	.-16     	; 0x2a74 <.L14^B1>

00002a84 <.L15^B1>:
    2a84:	fe 2b       	or	r31, r30
    2a86:	88 0f       	add	r24, r24
    2a88:	91 1d       	adc	r25, r1
    2a8a:	96 95       	lsr	r25
    2a8c:	87 95       	ror	r24
    2a8e:	97 f9       	bld	r25, 7
    2a90:	08 95       	ret

00002a92 <__fp_inf>:
    2a92:	97 f9       	bld	r25, 7
    2a94:	9f 67       	ori	r25, 0x7F	; 127
    2a96:	80 e8       	ldi	r24, 0x80	; 128
    2a98:	70 e0       	ldi	r23, 0x00	; 0
    2a9a:	60 e0       	ldi	r22, 0x00	; 0
    2a9c:	08 95       	ret

00002a9e <__fp_nan>:
    2a9e:	9f ef       	ldi	r25, 0xFF	; 255
    2aa0:	80 ec       	ldi	r24, 0xC0	; 192
    2aa2:	08 95       	ret

00002aa4 <__fp_pscA>:
    2aa4:	00 24       	eor	r0, r0
    2aa6:	0a 94       	dec	r0
    2aa8:	16 16       	cp	r1, r22
    2aaa:	17 06       	cpc	r1, r23
    2aac:	18 06       	cpc	r1, r24
    2aae:	09 06       	cpc	r0, r25
    2ab0:	08 95       	ret

00002ab2 <__fp_pscB>:
    2ab2:	00 24       	eor	r0, r0
    2ab4:	0a 94       	dec	r0
    2ab6:	12 16       	cp	r1, r18
    2ab8:	13 06       	cpc	r1, r19
    2aba:	14 06       	cpc	r1, r20
    2abc:	05 06       	cpc	r0, r21
    2abe:	08 95       	ret

00002ac0 <__fp_round>:
    2ac0:	09 2e       	mov	r0, r25
    2ac2:	03 94       	inc	r0
    2ac4:	00 0c       	add	r0, r0
    2ac6:	11 f4       	brne	.+4      	; 0x2acc <.L1^B1>
    2ac8:	88 23       	and	r24, r24
    2aca:	52 f0       	brmi	.+20     	; 0x2ae0 <.L3^B1>

00002acc <.L1^B1>:
    2acc:	bb 0f       	add	r27, r27
    2ace:	40 f4       	brcc	.+16     	; 0x2ae0 <.L3^B1>
    2ad0:	bf 2b       	or	r27, r31
    2ad2:	11 f4       	brne	.+4      	; 0x2ad8 <.L2^B1>
    2ad4:	60 ff       	sbrs	r22, 0
    2ad6:	04 c0       	rjmp	.+8      	; 0x2ae0 <.L3^B1>

00002ad8 <.L2^B1>:
    2ad8:	6f 5f       	subi	r22, 0xFF	; 255
    2ada:	7f 4f       	sbci	r23, 0xFF	; 255
    2adc:	8f 4f       	sbci	r24, 0xFF	; 255
    2ade:	9f 4f       	sbci	r25, 0xFF	; 255

00002ae0 <.L3^B1>:
    2ae0:	08 95       	ret

00002ae2 <__fp_split3>:
    2ae2:	57 fd       	sbrc	r21, 7
    2ae4:	90 58       	subi	r25, 0x80	; 128
    2ae6:	44 0f       	add	r20, r20
    2ae8:	55 1f       	adc	r21, r21
    2aea:	59 f0       	breq	.+22     	; 0x2b02 <.L4^B1>
    2aec:	5f 3f       	cpi	r21, 0xFF	; 255
    2aee:	71 f0       	breq	.+28     	; 0x2b0c <.L5^B1>

00002af0 <.L1^B1>:
    2af0:	47 95       	ror	r20

00002af2 <__fp_splitA>:
    2af2:	88 0f       	add	r24, r24
    2af4:	97 fb       	bst	r25, 7
    2af6:	99 1f       	adc	r25, r25
    2af8:	61 f0       	breq	.+24     	; 0x2b12 <.L6^B1>
    2afa:	9f 3f       	cpi	r25, 0xFF	; 255
    2afc:	79 f0       	breq	.+30     	; 0x2b1c <.L7^B1>

00002afe <.L3^B1>:
    2afe:	87 95       	ror	r24
    2b00:	08 95       	ret

00002b02 <.L4^B1>:
    2b02:	12 16       	cp	r1, r18
    2b04:	13 06       	cpc	r1, r19
    2b06:	14 06       	cpc	r1, r20
    2b08:	55 1f       	adc	r21, r21
    2b0a:	f2 cf       	rjmp	.-28     	; 0x2af0 <.L1^B1>

00002b0c <.L5^B1>:
    2b0c:	46 95       	lsr	r20
    2b0e:	f1 df       	rcall	.-30     	; 0x2af2 <__fp_splitA>
    2b10:	08 c0       	rjmp	.+16     	; 0x2b22 <.L8^B1>

00002b12 <.L6^B1>:
    2b12:	16 16       	cp	r1, r22
    2b14:	17 06       	cpc	r1, r23
    2b16:	18 06       	cpc	r1, r24
    2b18:	99 1f       	adc	r25, r25
    2b1a:	f1 cf       	rjmp	.-30     	; 0x2afe <.L3^B1>

00002b1c <.L7^B1>:
    2b1c:	86 95       	lsr	r24
    2b1e:	71 05       	cpc	r23, r1
    2b20:	61 05       	cpc	r22, r1

00002b22 <.L8^B1>:
    2b22:	08 94       	sec
    2b24:	08 95       	ret

00002b26 <__fp_zero>:
    2b26:	e8 94       	clt

00002b28 <__fp_szero>:
    2b28:	bb 27       	eor	r27, r27
    2b2a:	66 27       	eor	r22, r22
    2b2c:	77 27       	eor	r23, r23
    2b2e:	cb 01       	movw	r24, r22
    2b30:	97 f9       	bld	r25, 7
    2b32:	08 95       	ret

00002b34 <memcpy>:
    2b34:	fb 01       	movw	r30, r22
    2b36:	dc 01       	movw	r26, r24
    2b38:	02 c0       	rjmp	.+4      	; 0x2b3e <.L_memcpy_start>

00002b3a <.L_memcpy_loop>:
    2b3a:	01 90       	ld	r0, Z+
    2b3c:	0d 92       	st	X+, r0

00002b3e <.L_memcpy_start>:
    2b3e:	41 50       	subi	r20, 0x01	; 1
    2b40:	50 40       	sbci	r21, 0x00	; 0
    2b42:	d8 f7       	brcc	.-10     	; 0x2b3a <.L_memcpy_loop>
    2b44:	08 95       	ret

00002b46 <memset>:
    2b46:	dc 01       	movw	r26, r24
    2b48:	01 c0       	rjmp	.+2      	; 0x2b4c <.L_memset_start>

00002b4a <.L_memset_loop>:
    2b4a:	6d 93       	st	X+, r22

00002b4c <.L_memset_start>:
    2b4c:	41 50       	subi	r20, 0x01	; 1
    2b4e:	50 40       	sbci	r21, 0x00	; 0
    2b50:	e0 f7       	brcc	.-8      	; 0x2b4a <.L_memset_loop>
    2b52:	08 95       	ret

00002b54 <strncpy>:
    2b54:	fb 01       	movw	r30, r22
    2b56:	dc 01       	movw	r26, r24

00002b58 <.L_strncpy_loop>:
    2b58:	41 50       	subi	r20, 0x01	; 1
    2b5a:	50 40       	sbci	r21, 0x00	; 0
    2b5c:	48 f0       	brcs	.+18     	; 0x2b70 <.L_strncpy_done>
    2b5e:	01 90       	ld	r0, Z+
    2b60:	0d 92       	st	X+, r0
    2b62:	00 20       	and	r0, r0
    2b64:	c9 f7       	brne	.-14     	; 0x2b58 <.L_strncpy_loop>
    2b66:	01 c0       	rjmp	.+2      	; 0x2b6a <.L_strncpy_clr_start>

00002b68 <.L_strncpy_clr_loop>:
    2b68:	1d 92       	st	X+, r1

00002b6a <.L_strncpy_clr_start>:
    2b6a:	41 50       	subi	r20, 0x01	; 1
    2b6c:	50 40       	sbci	r21, 0x00	; 0
    2b6e:	e0 f7       	brcc	.-8      	; 0x2b68 <.L_strncpy_clr_loop>

00002b70 <.L_strncpy_done>:
    2b70:	08 95       	ret

00002b72 <_exit>:
    2b72:	f8 94       	cli

00002b74 <__stop_program>:
    2b74:	ff cf       	rjmp	.-2      	; 0x2b74 <__stop_program>
